"ID","Description","GeneRatio","BgRatio","RichFactor","FoldEnrichment","zScore","pvalue","p.adjust","qvalue","geneID","Count"
"GO:0072521","purine-containing compound metabolic process","122/2722","190/6447",0.642105263157895,1.52081286979388,6.22875864580277,4.82426596072857e-10,8.19160360131711e-07,6.97741203162216e-07,"YBR117C/YGR043C/YGR248W/YCR012W/YJL052W/YAL038W/YHR174W/YGR244C/YMR246W/YPL273W/YIR031C/YAR015W/YGL253W/YDR400W/YDL022W/YNR043W/YIL009W/YDR399W/YER043C/YOR317W/YHR183W/YMR120C/YMR303C/YBR221C/YNR016C/YGR254W/YKL060C/YLR359W/YML081C-A/YJR105W/YGL126W/YGR204W/YOR374W/YOR393W/YFR053C/YOR020W-A/YOR209C/YLR153C/YPR021C/YBR022W/YKL181W/YKL152C/YOL136C/YML022W/YMR208W/YNL216W/YPR074C/YOL077W-A/YGR061C/YOL061W/YIR032C/Q0085/YPL271W/YDL004W/YNR034W/YJR133W/YGL059W/YKR080W/YML126C/YOR142W/YOR054C/YGL234W/YNL199C/YML035C/YGR256W/YCR073W-A/YLR174W/YIL042C/YLR345W/YOR128C/YMR083W/YOR184W/YLR028C/YJR049C/YML075C/YPL134C/YHR163W/YOL056W/YNL220W/YOL059W/YDR408C/YNL141W/YBL068W/YLR446W/YDR196C/YOR095C/YGR010W/YDR531W/YIL083C/YDL238C/YBR127C/YKR072C/YHR216W/YLR354C/YIR027C/YGL067W/YOR163W/YDR441C/YJL116C/YOR344C/Q0130/YER170W/YMR278W/YHR202W/YHL011C/YBL098W/YDR226W/YOR222W/YBR145W/YDR148C/YMR145C/YPL075W/YLR450W/YHR074W/YJR019C/YJR025C/YJL005W/YMR323W/YOR311C/YDR428C/YNR001C/YEL041W",122
"GO:0055086","nucleobase-containing small molecule metabolic process","155/2722","260/6447",0.596153846153846,1.41197790086475,5.79624332652788,6.35684296555548e-09,5.3969596777566e-06,4.5970011761438e-06,"YBR117C/YGR043C/YMR105C/YGR248W/YCR012W/YJL052W/YNL200C/YAL038W/YHR174W/YGR244C/YMR246W/YPL273W/YIR031C/YAR015W/YGL253W/YDR400W/YDL022W/YNR043W/YER037W/YIL009W/YDR399W/YER043C/YOR317W/YHR183W/YMR120C/YGL101W/YMR303C/YBR221C/YGL037C/YNR016C/YGR254W/YKL060C/YLR359W/YML081C-A/YJR105W/YGL126W/YGR209C/YGR204W/YOR374W/YOR393W/YFR053C/YOR020W-A/YOR209C/YLR153C/YPR021C/YMR271C/YBR022W/YKL181W/YLR014C/YLR043C/YKL152C/YOL136C/YML022W/YMR208W/YNL216W/YPR074C/YOL077W-A/YGR061C/YOL061W/YIR032C/Q0085/YPL271W/YDL004W/YNR034W/YJR133W/YGL059W/YKR080W/YOR111W/YML126C/YOR142W/YOR054C/YGL234W/YNL199C/YML035C/YGR256W/YCR073W-A/YLR174W/YPR106W/YCR026C/YIL042C/YLR345W/YBR111C/YOR128C/YMR083W/YOR184W/YLR028C/YDL125C/YJR049C/YNR012W/YML075C/YKL216W/YPL134C/YHR163W/YKL035W/YBL039C/YOL056W/YNL220W/YLR420W/YOL059W/YDR408C/YNL141W/YBL068W/YLR446W/YDR196C/YOR095C/YGR010W/YDL045C/YDL103C/YOR336W/YDL166C/YDR531W/YIL083C/YDL238C/YBR127C/YKR072C/YJR057W/YHR216W/YLR354C/YIR027C/YGL067W/YOR163W/YDR441C/YJL116C/YOR344C/Q0130/YER170W/YKL127W/YFL045C/YMR278W/YHR202W/YHL011C/YDR520C/YBL098W/YOR047C/YDR226W/YOR222W/YBR145W/YBR242W/YDR148C/YMR145C/YPL075W/YLR450W/YDL055C/YHR074W/YJR019C/YGL224C/YJL130C/YJR025C/YJL005W/YMR323W/YOR311C/YDR428C/YER003C/YNR001C/YEL041W",155
"GO:0019637","organophosphate metabolic process","234/2722","423/6447",0.553191489361702,1.31022245845514,5.64192111777165,1.41388667269162e-08,7.7674461733501e-06,6.61612487891826e-06,"YBR117C/YGR043C/YMR105C/YGR248W/YCR012W/YJL052W/YNL200C/YAL038W/YHR174W/YGR244C/YMR246W/YIL107C/YAR015W/YGL253W/YKL165C/YDR400W/YDL022W/YNR043W/YFL053W/YGR157W/YOR298W/YER037W/YFL060C/YIL009W/YNL130C/YDR399W/YER043C/YOR317W/YNL334C/YHR183W/YJL155C/YHR123W/YMR120C/YGL101W/YMR303C/YKL212W/YBR221C/YHR046C/YGR202C/YGL037C/YDR477W/YKR067W/YNR016C/YJL100W/YGR254W/YKL060C/YPL202C/YBR029C/YLR359W/YNL169C/YML081C-A/YDR434W/YMR096W/YOL032W/YDR123C/YJR105W/YGL126W/YGR209C/YGR204W/YOR374W/YKR070W/YOR393W/YLR088W/YLR377C/YFR053C/YDR173C/YMR165C/YOR020W-A/YOR209C/YLR153C/YPR021C/YPL175W/YMR271C/YKL181W/YLR014C/YLR043C/YKL152C/YOL136C/YML022W/YDR372C/YHL020C/YMR208W/YNL216W/YPR074C/YOL077W-A/YLR133W/YGR061C/YOR143C/YOL061W/Q0085/YBL011W/YMR013C/YPL271W/YDL004W/YKR089C/YNR034W/YJR133W/YGL059W/YEL029C/YPL110C/YAL009W/YNL158W/YKR080W/YCR068W/YOR111W/YLR193C/YML126C/YIL039W/YMR079W/YOR142W/YOR054C/YJR156C/YGL234W/YNL199C/YML035C/YGR256W/YBR042C/YLR347C/YJL167W/YDR096W/YJL145W/YCR073W-A/YCR044C/YLR174W/YGL142C/YPR106W/YCR026C/YIL042C/YLR345W/YBR111C/YML072C/YOR128C/YMR083W/YDR284C/YLR028C/YDL125C/YJR049C/YNR012W/YML075C/YKL216W/YPL134C/YHR163W/YKL035W/YHL032C/YBL039C/YFL025C/YOL056W/YNL220W/YLR420W/YMR008C/YOL059W/YDR408C/YNL141W/YBL068W/YLR446W/YDR315C/YDR196C/YOR095C/YPL103C/YGR010W/YBR086C/YDL045C/YCL052C/YJL062W/YLR168C/YDL103C/YOR336W/YDL166C/YDR531W/YIL083C/YNL012W/YBR127C/YKR072C/YJR057W/YHR216W/YLR354C/YNL032W/YNL038W/YGL067W/YOR163W/YDR441C/YJL116C/YIL124W/YOR344C/Q0130/YKR043C/YER170W/YGR149W/YKL127W/YFL045C/YPL189W/YCR017C/YJL153C/YHR202W/YHL011C/YDR520C/YDR018C/YGR046W/YBL098W/YDR503C/YDR226W/YOL055C/YOR222W/YBR145W/YOR086C/YBR242W/YBR109C/YDR148C/YBL060W/YOL065C/YMR145C/YPL075W/YFL059W/YLR450W/YLL031C/YDL055C/YHR074W/YJR019C/YGL224C/YDR208W/YJL130C/YJR025C/YOR149C/YJL005W/YNL010W/YMR323W/YOR311C/YDR428C/YPL120W/YPR140W/YER003C/YKL126W/YNR001C/YEL041W",234
"GO:0006753","nucleoside phosphate metabolic process","145/2722","243/6447",0.596707818930041,1.41328997378471,5.61368687262056,1.82978708441699e-08,7.7674461733501e-06,6.61612487891826e-06,"YBR117C/YGR043C/YMR105C/YGR248W/YCR012W/YJL052W/YNL200C/YAL038W/YHR174W/YGR244C/YMR246W/YAR015W/YGL253W/YDR400W/YDL022W/YNR043W/YER037W/YIL009W/YDR399W/YOR317W/YHR183W/YMR120C/YGL101W/YMR303C/YBR221C/YGL037C/YNR016C/YGR254W/YKL060C/YLR359W/YML081C-A/YJR105W/YGL126W/YGR209C/YGR204W/YOR374W/YOR393W/YFR053C/YOR020W-A/YOR209C/YLR153C/YPR021C/YMR271C/YKL181W/YLR014C/YLR043C/YKL152C/YOL136C/YML022W/YMR208W/YNL216W/YPR074C/YOL077W-A/YGR061C/YOL061W/Q0085/YPL271W/YDL004W/YNR034W/YJR133W/YGL059W/YKR080W/YOR111W/YML126C/YOR142W/YOR054C/YGL234W/YNL199C/YML035C/YGR256W/YCR073W-A/YLR174W/YPR106W/YCR026C/YIL042C/YLR345W/YBR111C/YOR128C/YMR083W/YLR028C/YDL125C/YJR049C/YNR012W/YML075C/YKL216W/YPL134C/YHR163W/YKL035W/YBL039C/YOL056W/YNL220W/YLR420W/YOL059W/YDR408C/YNL141W/YBL068W/YLR446W/YDR196C/YOR095C/YGR010W/YDL045C/YDL103C/YOR336W/YDL166C/YDR531W/YIL083C/YBR127C/YKR072C/YJR057W/YHR216W/YLR354C/YGL067W/YOR163W/YDR441C/YJL116C/YOR344C/Q0130/YER170W/YKL127W/YFL045C/YHR202W/YHL011C/YDR520C/YBL098W/YDR226W/YOR222W/YBR145W/YBR242W/YDR148C/YMR145C/YPL075W/YLR450W/YDL055C/YHR074W/YJR019C/YGL224C/YJL130C/YJR025C/YJL005W/YMR323W/YOR311C/YDR428C/YER003C/YNR001C/YEL041W",145
"GO:0044283","small molecule biosynthetic process","196/2722","349/6447",0.561604584527221,1.33014869818038,5.42069116884655,5.01183627072725e-08,1.6682050095315e-05,1.42093712918993e-05,"YEL071W/YMR009W/YMR169C/YGL055W/YCR012W/YJL052W/YKR069W/YPL280W/YGR060W/YLR056W/YMR280C/YPL273W/YKL001C/YKL182W/YNR043W/YPR167C/YMR015C/YFL060C/YJL089W/YDL110C/YAL060W/YDR399W/YNL334C/YJL088W/YBR112C/YHR007C/YNL103W/YER073W/YPR118W/YBR218C/YIR017C/YJL071W/YMR303C/YBR105C/YMR296C/YDR255C/YNL256W/YPR069C/YMR202W/YLL013C/YHR046C/YPL231W/YNL277W/YDR477W/YBR159W/YNR016C/YDL015C/YKL060C/YJL196C/YKR097W/YOR375C/YOL126C/YBR177C/YMR096W/YHR072W/YGR066C/YPR060C/YBR084W/YIL051C/YJR024C/YJR105W/YGR204W/YOR374W/YLR100W/YDR380W/YFR055W/YLR377C/YDR173C/YER062C/YMR271C/YHR018C/YPL028W/YKL152C/YLR134W/YML022W/YIR033W/YHR033W/YMR208W/YPR035W/YLR372W/YLR438W/YOR143C/YDR511W/YCL039W/YER081W/YBR240C/YBR176W/YEL029C/YLR201C/YGL001C/YPR145W/YDR035W/YMR110C/YPR067W/YML126C/YHR037W/YCL018W/YJR156C/YBR026C/YBR263W/YPL148C/YJR109C/YGL119W/YNL280C/YJL167W/YHR063C/YOR196C/YBR256C/YOR171C/YEL046C/YMR210W/YGR208W/YIL020C/YDL080C/YMR083W/YOR184W/YLR290C/YNR041C/YGL184C/YML075C/YDR376W/YBR166C/YDR062W/YBR034C/YOL052C/YGR175C/YER044C/YBR002C/YHR067W/YLR303W/YDR315C/YMR070W/YOR095C/YLL027W/YIL094C/YKL055C/YMR134W/YKL184W/YER090W/YMR289W/YJL054W/YBR153W/YLR146C/YML008C/YDR234W/YDL168W/YGR037C/YDR354W/YOR130C/YCL009C/YIL017C/YLR355C/YDR441C/YPL201C/YEL038W/YER086W/YGR286C/YGL125W/YOL058W/YMR278W/YGR155W/YCR034W/YJL153C/YMR020W/YLL062C/YBL098W/YPL133C/YJL200C/YMR170C/YML096W/YOR047C/YFL018C/YKL150W/YOL055C/YBR145W/YJR137C/YDR300C/YHR042W/YBR003W/YOR108W/YOL066C/YFL059W/YDL171C/YML087C/YLR450W/YDL131W/YBR248C/YHR137W/YDR204W/YOR125C/YJR025C/YNL010W/YOR202W/YBR058C/YMR108W/YMR043W",196
"GO:0006796","phosphate-containing compound metabolic process","262/2722","487/6447",0.537987679671458,1.27421255357895,5.37965910379832,5.89471734816785e-08,1.6682050095315e-05,1.42093712918993e-05,"YBR117C/YGR043C/YMR105C/YGR248W/YCR012W/YJL052W/YNL200C/YAL038W/YHR174W/YGR244C/YMR246W/YIL107C/YAR015W/YGL253W/YKL165C/YDR400W/YDL022W/YNR043W/YFL053W/YGR157W/YOR298W/YER037W/YFL060C/YMR291W/YIL009W/YNL130C/YDR399W/YER043C/YOR317W/YNL334C/YHR183W/YJL155C/YHR123W/YPR149W/YMR120C/YGL101W/YMR303C/YKL212W/YGL180W/YBR221C/YHR046C/YGR202C/YGL037C/YDR477W/YKR067W/YNR016C/YJL100W/YGR254W/YKL060C/YPL202C/YAL040C/YBR029C/YLR359W/YNL169C/YML081C-A/YDR434W/YMR096W/YOL032W/YDR123C/YJR105W/YGL126W/YGR209C/YGR204W/YOR374W/YKR070W/YOR393W/YLR088W/YLR377C/YFR053C/YDR173C/YMR165C/YOR020W-A/YOR283W/YOR209C/YLR153C/YPR021C/YPL175W/YMR271C/YKL181W/YLR014C/YLR043C/YKL152C/YOL136C/YML022W/YDR372C/YHL020C/YMR208W/YNL216W/YPR074C/YOL077W-A/YLR133W/YGR061C/YPL256C/YOR143C/YOL061W/Q0085/YBL011W/YMR013C/YJL164C/YPL271W/YDL004W/YPR073C/YKR089C/YNR034W/YJR133W/YGL059W/YEL029C/YBR028C/YPL110C/YAL009W/YNL158W/YKR080W/YML051W/YCR068W/YOR111W/YLR193C/YML126C/YIL039W/YMR079W/YOR142W/YOR054C/YJR156C/YGL234W/YNL199C/YML035C/YGR256W/YBR042C/YLR347C/YJL167W/YDR096W/YJL145W/YCR073W-A/YCR044C/YLR174W/YGR233C/YGL142C/YPR106W/YCR026C/YIL042C/YPL150W/YLR345W/YBR111C/YML072C/YOR128C/YNL249C/YMR083W/YDR284C/YLR028C/YDL125C/YJR049C/YNR012W/YML075C/YKL216W/YPL134C/YHR163W/YKL035W/YHL032C/YBL039C/YFL025C/YOL056W/YNL220W/YLR420W/YMR008C/YOL059W/YDR103W/YDR408C/YNL141W/YBL068W/YLR446W/YDR315C/YDR196C/YJR076C/YOR095C/YPL103C/YGR010W/YBR086C/YDL045C/YCL052C/YDL073W/YJL062W/YLR168C/YDL103C/YOR336W/YDL166C/YDR531W/YIL083C/YNL012W/YBR127C/YKR072C/YJR057W/YGR194C/YHR216W/YGR123C/YLR354C/YNL032W/YNL038W/YGL067W/YOR163W/YDR441C/YJL116C/YJL134W/YIL124W/YOR344C/Q0130/YKR043C/YER170W/YGR149W/YKL127W/YFL045C/YPL189W/YCR017C/YJL153C/YHR202W/YHL011C/YDR520C/YDR018C/YGR046W/YBL098W/YFR007W/YDR503C/YDR226W/YOL055C/YOR222W/YBR145W/YOR086C/YBR242W/YBR109C/YDR148C/YBL060W/YOL065C/YMR145C/YPL075W/YFL059W/YLR450W/YLL031C/YDL055C/YHR074W/YBR125C/YJR019C/YGL224C/YDR208W/YJL130C/YJR025C/YOR149C/YJL005W/YDR109C/YNL010W/YMR323W/YOR311C/YBL056W/YDR428C/YGR052W/YGR108W/YOR090C/YPL120W/YPR140W/YDR009W/YER003C/YKL126W/YNR001C/YMR028W/YEL041W",262
"GO:0055085","transmembrane transport","260/2722","484/6447",0.537190082644628,1.27232346172297,5.32477679599988,7.93445368832534e-08,1.92467176611092e-05,1.63938937861038e-05,"YCR098C/YPL265W/YJR152W/YLR092W/YDR343C/YFL054C/YBR294W/YBR068C/YHL016C/YHL008C/YMR058W/YNL052W/YML116W/YGL253W/YDL022W/YDR342C/YMR241W/YER103W/Q0105/YKR039W/YJL212C/YDR135C/YCL025C/YHL040C/YER053C/YFL050C/YER145C/YGL006W/YER056C/Q0045/YDR046C/YGL114W/YNL142W/YLR136C/YMR088C/YPR194C/Q0250/YKL120W/YGL187C/YPR058W/YOR065W/YPL092W/YOL137W/YHR051W/YHR175W/YOR254C/YOR092W/YNL101W/YPL274W/YCL005W-A/YEL024W/YAL005C/YKL195W/YGL077C/YPL202C/YKL064W/YFR040W/YLR034C/YPR191W/YOL027C/YML081C-A/YOL126C/YEL027W/YPL063W/YKL174C/YGL139W/YNR002C/YDR352W/YDR160W/YBR298C/YEL064C/YJL163C/YIL111W/YGR257C/YOR153W/YFR053C/YLL053C/YHR050W/YDR529C/YNR017W/YDR406W/YGR125W/YIL114C/YCR028C/YAL067C/YPR021C/YOR332W/YGR243W/YKR052C/YER019C-A/YBR180W/YPL224C/YEL065W/YGL254W/YOR390W/YDR497C/YMR221C/YOL077W-A/YLR152C/YPL196W/YFL055W/Q0085/YGR138C/YLR188W/YJL193W/YPR201W/YNL070W/YOR079C/YPL271W/YML038C/YDL004W/YOR045W/YLR447C/YOL031C/YEL063C/YML030W/YKR093W/YER119C/YOR020C/YBR104W/YOL044W/YGL186C/YOR328W/YPL244C/YDR011W/YNL121C/YFR033C/YNL305C/YMR243C/YDR086C/YNL291C/YLL015W/YJL143W/YIL166C/YPR128C/YPL169C/YAL053W/YBL075C/YAL028W/YDL245C/YLL055W/YPL112C/YHR094C/YBR295W/YHR002W/YLR292C/Q0275/YDR119W/YJR124C/YDR270W/YBR220C/YDR508C/YJR077C/YHR092C/YER017C/YBR192W/YPR024W/YGL008C/YMR155W/YOR011W/YOL119C/YKR105C/YPR198W/YER039C/YDR384C/YIL088C/YNL055C/YLL028W/YPL134C/YOR273C/YBR069C/YBR021W/YPR138C/YGL225W/YBR008C/YGR065C/YGR239C/YEL031W/YJL166W/YBR293W/YHR039C-A/YKR104W/YGR260W/YPL279C/YBR086C/YLR241W/YPR011C/YNL131W/YJL054W/YJL198W/YMR203W/YNL065W/YBR127C/YDR536W/YBL042C/YBR147W/YIL023C/YOR334W/YOR130C/YHR026W/YKL209C/YPR115W/YPL221W/YCL038C/YOL103W/YNR055C/YER060W/Q0130/YDR244W/YIL134W/YDL217C/YDR161W/YNL329C/YJR106W/YOR306C/YIL006W/YDR265W/YPL189W/YGR217W/YBR187W/YNR072W/YOL130W/YBR036C/YCR023C/YKR103W/YGL153W/YPR133W-A/YBR132C/YPR156C/YOR222W/YDR040C/YAL022C/YIL090W/YHR032W/YKR016W/YOL084W/YOL092W/YMR054W/YDR338C/YOR270C/YPR036W/YNL095C/YBL045C/YLR038C/YLR008C/YGR055W/YDL247W/YDR205W/YEL004W/YPL234C/YOR297C/YOR291W/YLL048C/YIL121W/YMR056C/YDL183C/YJR001W/YOR087W/YJL059W/YLR004C",260
"GO:0006793","phosphorus metabolic process","267/2722","500/6447",0.534,1.26476781778104,5.26898911506112,1.06267728058913e-07,2.25553252805042e-05,1.92120866253876e-05,"YBR117C/YGR043C/YMR105C/YGR248W/YCR012W/YJL052W/YNL200C/YAL038W/YHR174W/YGR244C/YMR246W/YIL107C/YAR015W/YGL253W/YKL165C/YDR400W/YDL022W/YNR043W/YFL053W/YGR157W/YOR298W/YER037W/YFL060C/YMR291W/YIL009W/YNL130C/YDR399W/YER043C/YOR317W/YNL334C/YHR183W/YJL155C/YHR123W/YPR149W/YMR120C/YGL101W/YMR303C/YKL212W/YGL180W/YBR221C/YHR046C/YGR202C/YGL037C/YDR477W/YKR067W/YNR016C/YJL100W/YGR254W/YKL060C/YPL202C/YAL040C/YBR029C/YLR359W/YNL169C/YML081C-A/YDR434W/YMR096W/YOL032W/YDR123C/YJR105W/YGL126W/YGR209C/YGR204W/YOR374W/YKR070W/YOR393W/YLR088W/YLR377C/YFR053C/YDR173C/YMR165C/YOR020W-A/YOR283W/YOR209C/YLR153C/YPR021C/YPL175W/YMR271C/YKL181W/YLR014C/YLR043C/YDR452W/YKL152C/YOL136C/YML022W/YDR372C/YHL020C/YMR208W/YNL216W/YPR074C/YOL077W-A/YLR133W/YGR061C/YPL256C/YOR143C/YOL061W/Q0085/YBL011W/YMR013C/YJL164C/YPL271W/YDL004W/YPR073C/YKR089C/YNR034W/YJR133W/YGL059W/YEL029C/YBR028C/YPL110C/YAL009W/YNL158W/YKR080W/YML051W/YCR068W/YOR111W/YLR193C/YJL012C/YML126C/YIL039W/YMR079W/YOR142W/YOR054C/YJR156C/YGL234W/YNL199C/YML035C/YGR256W/YBR042C/YLR347C/YJL167W/YDR096W/YJL145W/YCR073W-A/YCR044C/YLR174W/YGR233C/YGL142C/YPR106W/YCR026C/YIL042C/YPL150W/YLR345W/YBR111C/YML072C/YOR128C/YNL249C/YMR083W/YDR284C/YLR028C/YDL125C/YJR049C/YNR012W/YML075C/YKL216W/YPL134C/YHR163W/YKL035W/YHL032C/YBL039C/YFL025C/YOL056W/YNL220W/YLR420W/YMR008C/YOL059W/YDR103W/YDR408C/YNL141W/YBL068W/YLR446W/YDR315C/YDR196C/YJR076C/YOR095C/YPL103C/YGR010W/YBR086C/YDL045C/YCL052C/YDL073W/YJL062W/YLR168C/YDL103C/YOR336W/YJL198W/YDL166C/YDR531W/YIL083C/YNL012W/YBR127C/YKR072C/YJR057W/YGR194C/YHR216W/YGR123C/YLR354C/YNL032W/YNL038W/YGL067W/YOR163W/YDR441C/YJL116C/YJL134W/YIL124W/YOR344C/Q0130/YKR043C/YER170W/YGR149W/YKL127W/YFL045C/YPL189W/YCR017C/YJL153C/YHR202W/YHL011C/YDR520C/YDR018C/YGR046W/YBL098W/YFR007W/YDR503C/YDR226W/YOL055C/YOR222W/YBR145W/YOR086C/YBR242W/YBR109C/YDR148C/YER072W/YBL060W/YOL065C/YMR145C/YPL075W/YOR270C/YFL059W/YLR450W/YLL031C/YDL055C/YHR074W/YBR125C/YJR019C/YGL224C/YDR208W/YJL130C/YJR025C/YOR149C/YJL005W/YDR109C/YNL010W/YMR323W/YOR311C/YBL056W/YDR428C/YGR052W/YGR108W/YOR090C/YPL120W/YPR140W/YDR009W/YER003C/YKL126W/YNR001C/YMR028W/YEL041W",267
"GO:0019752","carboxylic acid metabolic process","198/2722","358/6447",0.553072625698324,1.30994093235749,5.15790731612749,2.02240694675063e-07,3.81560777286952e-05,3.25004344425189e-05,"YEL071W/YMR009W/YMR169C/YGL055W/YCR012W/YJL052W/YMR250W/YPR002W/YKR069W/YAL038W/YHR174W/YPL280W/YMR280C/YMR246W/YPL273W/YKL001C/YIR031C/YGL253W/YCR005C/YKL182W/YKL085W/YPR167C/YEL066W/YIL009W/YDR253C/YDL110C/YER043C/YOR317W/YHR183W/YJL088W/YBR112C/YNL103W/YER073W/YPR118W/YBR218C/YIR017C/YHR112C/YJL071W/YKL106W/YJR010W/YNL256W/YKR009C/YPR069C/YBR221C/YPL231W/YNL277W/YML042W/YBR159W/YNR016C/YGR254W/YDL015C/YKL060C/YJL196C/YNL239W/YCL064C/YOR375C/YGR019W/YOL126C/YBR177C/YDL174C/YPR060C/YBR084W/YIL051C/YJR024C/YGR204W/YOR374W/YOR393W/YDR380W/YFR055W/YFR053C/YDR173C/YMR165C/YLR351C/YLR153C/YHR018C/YKL152C/YOL136C/YLR134W/YOL002C/YIR033W/YHR033W/YPR035W/YLR372W/YNL216W/YLR438W/YDR511W/YER081W/YPR001W/YDR272W/YMR189W/YLR142W/YBR176W/YGL059W/YIR023W/YBL015W/YPR145W/YDR035W/YMR110C/YPR067W/YHR037W/YCL018W/YBR026C/YNL199C/YPR128C/YGR256W/YBR263W/YPL148C/YJR109C/YHR063C/YBR041W/YLR174W/YOR196C/YCL026C-A/YEL046C/YIL042C/YLR345W/YMR210W/YGR208W/YIL020C/YDL080C/YDR421W/YOR184W/YGL184C/YDR539W/YBR166C/YIL160C/YBR034C/YOL052C/YOR126C/YOL056W/YHR067W/YLR303W/YLR446W/YLL027W/YER065C/YIL094C/YKL055C/YGL196W/YKL184W/YER090W/YMR289W/YML076C/YLR146C/YDR234W/YGR037C/YDR354W/YOR130C/YDR216W/YDR019C/YCL009C/YKL029C/YLR355C/YAL044C/YDL192W/YPL111W/YDR321W/YOR344C/YEL038W/YER086W/YGR286C/YGL125W/YOL058W/YGR155W/YCR034W/YPL017C/YDL219W/YMR020W/YLL062C/YBL098W/YJL200C/YMR170C/YML096W/YFL018C/YJR137C/YDR148C/YDR300C/YOR108W/YKL015W/YML004C/YPL075W/YDL171C/YDL131W/YBR248C/YHR137W/YJR019C/YPL262W/YJL130C/YJR025C/YNL010W/YMR323W/YOR202W/YDR428C/YBR222C/YNR001C/YDR538W/YMR108W/YMR043W/YBR006W",198
"GO:0043603","amide metabolic process","72/2722","109/6447",0.660550458715596,1.56449992922096,5.08074145983242,3.61505720610648e-07,6.1383671359688e-05,5.22851431704243e-05,"YMR169C/YLL060C/YGR244C/YMR246W/YIR031C/YNR043W/YDR135C/YIL009W/YOR317W/YDL124W/YHL003C/YJL101C/YMR296C/YNL256W/YPR069C/YBR221C/YBR183W/YNR016C/YBR281C/YBR084W/YGL126W/YGR209C/YLR351C/YLR153C/YPL087W/YBR208C/YMR208W/YIR032C/YLR299W/YBR176W/YGL059W/YIR023W/YPR145W/YOL049W/YPR067W/YML126C/YOR142W/YOR054C/YHR063C/YNL191W/YIL042C/YMR298W/YML075C/YDR062W/YBR034C/YOL052C/YDR196C/YLL027W/YPL103C/YKL184W/YMR289W/YGR154C/YLR146C/YDR531W/YIL083C/YKR072C/YIR027C/YPL111W/YBR139W/YGR286C/YOL058W/YMR020W/YMR170C/YDR148C/YML004C/YLR450W/YKR076W/YJR019C/YOR311C/YNR001C/YKL008C/YJL126W",72
"GO:0006082","organic acid metabolic process","206/2722","378/6447",0.544973544973545,1.29075842925953,4.98018777280946,4.97312002246704e-07,7.19862774348698e-05,6.13161894461045e-05,"YEL071W/YMR009W/YMR169C/YGL055W/YCR012W/YJL052W/YMR250W/YPR002W/YKR069W/YAL038W/YHR174W/YPL280W/YMR280C/YMR246W/YPL273W/YKL001C/YIR031C/YGL253W/YCR005C/YKL182W/YKL085W/YPR167C/YEL066W/YIL009W/YDR253C/YDL110C/YER043C/YOR317W/YHR183W/YJL088W/YBR112C/YNL103W/YER073W/YPR118W/YBR218C/YIR017C/YHR112C/YJL071W/YKL106W/YJR010W/YNL256W/YKR009C/YPR069C/YBR221C/YPL231W/YNL277W/YML042W/YBR159W/YNR016C/YGR254W/YDL015C/YKL060C/YJL196C/YNL239W/YCL064C/YOR375C/YGR019W/YOL126C/YBR177C/YDL174C/YPR060C/YBR084W/YIL051C/YJR024C/YGR204W/YOR374W/YOR393W/YDR380W/YFR055W/YFR053C/YDR173C/YMR165C/YLR351C/YLR153C/YHR018C/YDR452W/YKL152C/YOL136C/YLR134W/YOL002C/YIR033W/YHR033W/YPR035W/YLR372W/YNL216W/YLR438W/YDR511W/YER081W/YPR001W/YDR272W/YMR189W/YLR142W/YBR176W/YGL059W/YIR023W/YBL015W/YPR145W/YDR035W/YJL012C/YMR110C/YPR067W/YHR037W/YCL018W/YBR026C/YNL199C/YPR128C/YGR256W/YBR263W/YPL148C/YJR109C/YHR063C/YBR041W/YLR174W/YOR196C/YCL026C-A/YEL046C/YIL042C/YLR345W/YMR210W/YGR208W/YIL020C/YDL080C/YDR421W/YOR184W/YGL184C/YDR539W/YBR166C/YIL160C/YBR034C/YOL052C/YOR126C/YOL056W/YHR067W/YLR303W/YLR446W/YLL027W/YER065C/YIL094C/YKL055C/YER040W/YGL196W/YKL184W/YER090W/YMR289W/YML076C/YJL198W/YLR146C/YDR234W/YGR037C/YDR354W/YOR130C/YDR216W/YDR019C/YCL009C/YKL029C/YLR355C/YAL044C/YDL192W/YOR163W/YPL111W/YDR321W/YOR344C/YEL038W/YLL057C/YER086W/YGR286C/YGL125W/YOL058W/YGR155W/YCR034W/YPL017C/YDL219W/YMR020W/YLL062C/YBL098W/YJL200C/YMR170C/YML096W/YFL018C/YJR137C/YDR148C/YER072W/YDR300C/YOR108W/YKL015W/YML004C/YPL075W/YOR270C/YDL171C/YDL131W/YBR248C/YHR137W/YJR019C/YPL262W/YJL130C/YJR025C/YNL010W/YMR323W/YOR202W/YDR428C/YBR222C/YNR001C/YDR538W/YMR108W/YMR043W/YBR006W",206
"GO:0043436","oxoacid metabolic process","205/2722","376/6447",0.545212765957447,1.2913250191505,4.97585438094608,5.08736943002614e-07,7.19862774348698e-05,6.13161894461045e-05,"YEL071W/YMR009W/YMR169C/YGL055W/YCR012W/YJL052W/YMR250W/YPR002W/YKR069W/YAL038W/YHR174W/YPL280W/YMR280C/YMR246W/YPL273W/YKL001C/YIR031C/YGL253W/YCR005C/YKL182W/YKL085W/YPR167C/YEL066W/YIL009W/YDR253C/YDL110C/YER043C/YOR317W/YHR183W/YJL088W/YBR112C/YNL103W/YER073W/YPR118W/YBR218C/YIR017C/YHR112C/YJL071W/YKL106W/YJR010W/YNL256W/YKR009C/YPR069C/YBR221C/YPL231W/YNL277W/YML042W/YBR159W/YNR016C/YGR254W/YDL015C/YKL060C/YJL196C/YNL239W/YCL064C/YOR375C/YGR019W/YOL126C/YBR177C/YDL174C/YPR060C/YBR084W/YIL051C/YJR024C/YGR204W/YOR374W/YOR393W/YDR380W/YFR055W/YFR053C/YDR173C/YMR165C/YLR351C/YLR153C/YHR018C/YDR452W/YKL152C/YOL136C/YLR134W/YOL002C/YIR033W/YHR033W/YPR035W/YLR372W/YNL216W/YLR438W/YDR511W/YER081W/YPR001W/YDR272W/YMR189W/YLR142W/YBR176W/YGL059W/YIR023W/YBL015W/YPR145W/YDR035W/YJL012C/YMR110C/YPR067W/YHR037W/YCL018W/YBR026C/YNL199C/YPR128C/YGR256W/YBR263W/YPL148C/YJR109C/YHR063C/YBR041W/YLR174W/YOR196C/YCL026C-A/YEL046C/YIL042C/YLR345W/YMR210W/YGR208W/YIL020C/YDL080C/YDR421W/YOR184W/YGL184C/YDR539W/YBR166C/YIL160C/YBR034C/YOL052C/YOR126C/YOL056W/YHR067W/YLR303W/YLR446W/YLL027W/YER065C/YIL094C/YKL055C/YER040W/YGL196W/YKL184W/YER090W/YMR289W/YML076C/YJL198W/YLR146C/YDR234W/YGR037C/YDR354W/YOR130C/YDR216W/YDR019C/YCL009C/YKL029C/YLR355C/YAL044C/YDL192W/YOR163W/YPL111W/YDR321W/YOR344C/YEL038W/YER086W/YGR286C/YGL125W/YOL058W/YGR155W/YCR034W/YPL017C/YDL219W/YMR020W/YLL062C/YBL098W/YJL200C/YMR170C/YML096W/YFL018C/YJR137C/YDR148C/YER072W/YDR300C/YOR108W/YKL015W/YML004C/YPL075W/YOR270C/YDL171C/YDL131W/YBR248C/YHR137W/YJR019C/YPL262W/YJL130C/YJR025C/YNL010W/YMR323W/YOR202W/YDR428C/YBR222C/YNR001C/YDR538W/YMR108W/YMR043W/YBR006W",205
"GO:0006091","generation of precursor metabolites and energy","127/2722","218/6447",0.58256880733945,1.37980202091015,4.87643483621026,9.1652065140988e-07,0.000119711697391844,0.000101967560731755,"YBR117C/YGR043C/YMR105C/YNR074C/YIL045W/YGR248W/YCR012W/YJL052W/YPR184W/YEL011W/YLR258W/YAL038W/YKR058W/YHR174W/YGR244C/YOR178C/YNL052W/YMR118C/YIR031C/YGL253W/YCR005C/YER054C/YMR030W/YFL053W/YKL085W/Q0105/YEL039C/YFR017C/YMR081C/YHR183W/YJR120W/Q0045/YPR160W/YER067W/YOR355W/YJL137C/Q0250/YGL187C/YOR065W/YIL099W/YHR051W/YPL159C/YLL013C/YIL057C/YJL045W/YEL024W/YGR254W/YKL060C/YPR191W/YNL169C/YOL126C/YBL058W/YFR003C/YLR154W-C/YFR015C/YOR374W/YOR393W/YIL111W/YFR053C/YMR165C/YDR529C/YKL148C/YNL031C/YKL152C/YOL136C/YLR134W/YNL216W/YPR074C/YMR311C/YPR001W/YOR356W/YPL271W/YNR034W/YLL041C/YFR033C/YOR142W/YBR026C/YNL199C/YGR256W/YCR073W-A/YOL045W/YLR174W/Q0275/YLR345W/YKL093W/YOR002W/YGL226W/YHR163W/YKL035W/YOL056W/YJL166W/YLR446W/YOR095C/YER065C/YKL055C/YBR010W/YLR354C/YIL070C/YJR104C/YJL116C/YBL021C/YOR344C/YKL127W/YPR155C/YKL109W/YLR304C/YGL107C/YDR178W/YLR139C/YJL200C/YFL018C/YBR145W/YHR047C/YDR148C/YMR145C/YJL036W/YPL075W/YBL045C/YLR038C/YMR002W/YPL262W/YDR099W/YMR323W/YMR056C/YPR140W/YNR001C/YFR021W",127
"GO:0006163","purine nucleotide metabolic process","87/2722","140/6447",0.621428571428571,1.47184055841293,4.82474032612476,1.26907843555385e-06,0.000153921084540745,0.000131106298530149,"YBR117C/YGR043C/YGR248W/YCR012W/YJL052W/YAL038W/YHR174W/YAR015W/YGL253W/YDR400W/YDL022W/YDR399W/YHR183W/YMR120C/YMR303C/YGR254W/YKL060C/YLR359W/YML081C-A/YJR105W/YGR204W/YOR374W/YOR393W/YFR053C/YOR020W-A/YOR209C/YPR021C/YKL181W/YKL152C/YOL136C/YML022W/YNL216W/YPR074C/YOL077W-A/YGR061C/YOL061W/Q0085/YPL271W/YDL004W/YNR034W/YJR133W/YKR080W/YGL234W/YNL199C/YML035C/YGR256W/YCR073W-A/YLR174W/YLR345W/YOR128C/YMR083W/YLR028C/YJR049C/YPL134C/YHR163W/YOL056W/YNL220W/YOL059W/YDR408C/YBL068W/YLR446W/YOR095C/YGR010W/YBR127C/YHR216W/YLR354C/YGL067W/YOR163W/YDR441C/YJL116C/YOR344C/Q0130/YER170W/YHR202W/YHL011C/YBL098W/YDR226W/YOR222W/YBR145W/YMR145C/YPL075W/YHR074W/YJR025C/YJL005W/YMR323W/YDR428C/YEL041W",87
"GO:0003333","amino acid transmembrane transport","37/2722","49/6447",0.755102040816326,1.78844337147056,4.73557262086443,2.11192438992315e-06,0.0002390698409393,0.000203633972754695,"YPL265W/YBR068C/YKR039W/YCL025C/YDR046C/YMR088C/YPR058W/YNL101W/YPL274W/YDR352W/YDR160W/YEL064C/YGR125W/YPR021C/YFL055W/YEL063C/YER119C/YBR104W/YLL055W/YDR119W/YDR508C/YKR105C/YIL088C/YPL134C/YBR069C/YBR293W/YNL065W/YBR147W/YOR130C/YCL038C/YBR132C/YOR222W/YOL092W/YGR055W/YIL121W/YJR001W/YJL059W",37
"GO:0015711","organic anion transport","75/2722","120/6447",0.625,1.48029941219691,4.53972800773104,5.03351486716075e-06,0.000534181765277435,0.000455003251807821,"YCR098C/YPL265W/YJR152W/YBR068C/YMR246W/YKL165C/YMR241W/YKR039W/YDR135C/YCL025C/YOR317W/YKL120W/YPR058W/YOR049C/YNL101W/YGL077C/YKL174C/YGL139W/YNR002C/YEL064C/YGR257C/YCR028C/YAL067C/YPR021C/YGR243W/YGR206W/YHL002W/YJL193W/YKL002W/YML038C/YEL063C/YER119C/YBR104W/YPL244C/YLL015W/YIL166C/YPR128C/YAL053W/YLL055W/YLR025W/YBR041W/YHR002W/YOL147C/YBR220C/YDR508C/YPL002C/YMR034C/YOL119C/YKR105C/YDR384C/YIL088C/YPL134C/YBR069C/YEL062W/YGR065C/YGR260W/YPR011C/YNL065W/YKL187C/YOR130C/YPL221W/YNR006W/YIL134W/YOR306C/YIL006W/YOR222W/YKR013W/YJL078C/YGR055W/YEL004W/YLL048C/YIL121W/YMR056C/YJR001W/YJL059W",75
"GO:0006865","amino acid transport","42/2722","59/6447",0.711864406779661,1.68603594067174,4.52497821915138,5.86542121569162e-06,0.000585852072014375,0.000499014783304043,"YPL265W/YBR068C/YKR039W/YCL025C/YDR046C/YMR088C/YPR058W/YNL101W/YPL274W/YGL077C/YKL174C/YDR352W/YDR160W/YEL064C/YGR125W/YPR021C/YGR142W/YFL055W/YEL063C/YER119C/YBR104W/YKL176C/YLL055W/YDR119W/YDR508C/YKR105C/YIL088C/YPL134C/YBR069C/YEL062W/YBR293W/YNL065W/YBR147W/YOR130C/YCL038C/YBR132C/YOR222W/YOL092W/YGR055W/YIL121W/YJR001W/YJL059W",42
"GO:0046942","carboxylic acid transport","51/2722","76/6447",0.671052631578947,1.58937410572721,4.41794309013844,9.3755103301593e-06,0.000882988193935752,0.000752108225446484,"YPL265W/YJR152W/YBR068C/YMR246W/YMR241W/YKR039W/YDR135C/YCL025C/YOR317W/YKL120W/YPR058W/YOR049C/YNL101W/YGL077C/YKL174C/YNR002C/YEL064C/YCR028C/YAL067C/YPR021C/YGR243W/YJL193W/YEL063C/YER119C/YBR104W/YLL015W/YLL055W/YBR041W/YOL147C/YDR508C/YMR034C/YKR105C/YDR384C/YIL088C/YPL134C/YBR069C/YEL062W/YGR065C/YGR260W/YNL065W/YKL187C/YOR130C/YIL006W/YOR222W/YKR013W/YJL078C/YGR055W/YLL048C/YIL121W/YJR001W/YJL059W",51
"GO:0015849","organic acid transport","52/2722","78/6447",0.666666666666667,1.57898603967671,4.39749993457627,1.02481708668882e-05,0.000882988193935752,0.000752108225446484,"YPL265W/YJR152W/YBR068C/YMR246W/YMR241W/YKR039W/YDR135C/YCL025C/YOR317W/YKL120W/YPR058W/YOR049C/YNL101W/YGL077C/YKL174C/YNR002C/YEL064C/YCR028C/YAL067C/YPR021C/YGR243W/YJL193W/YEL063C/YER119C/YBR104W/YLL015W/YIL166C/YLL055W/YBR041W/YOL147C/YDR508C/YMR034C/YKR105C/YDR384C/YIL088C/YPL134C/YBR069C/YEL062W/YGR065C/YGR260W/YNL065W/YKL187C/YOR130C/YIL006W/YOR222W/YKR013W/YJL078C/YGR055W/YLL048C/YIL121W/YJR001W/YJL059W",52
"GO:0009117","nucleotide metabolic process","107/2722","185/6447",0.578378378378378,1.36987707766547,4.36327738119001,1.04003320840489e-05,0.000882988193935752,0.000752108225446484,"YBR117C/YGR043C/YGR248W/YCR012W/YJL052W/YNL200C/YAL038W/YHR174W/YAR015W/YGL253W/YDR400W/YDL022W/YER037W/YDR399W/YHR183W/YMR120C/YMR303C/YGL037C/YGR254W/YKL060C/YLR359W/YML081C-A/YJR105W/YGR209C/YGR204W/YOR374W/YOR393W/YFR053C/YOR020W-A/YOR209C/YPR021C/YMR271C/YKL181W/YLR014C/YLR043C/YKL152C/YOL136C/YML022W/YNL216W/YPR074C/YOL077W-A/YGR061C/YOL061W/Q0085/YPL271W/YDL004W/YNR034W/YJR133W/YKR080W/YOR111W/YGL234W/YNL199C/YML035C/YGR256W/YCR073W-A/YLR174W/YLR345W/YOR128C/YMR083W/YLR028C/YDL125C/YJR049C/YNR012W/YKL216W/YPL134C/YHR163W/YBL039C/YOL056W/YNL220W/YLR420W/YOL059W/YDR408C/YNL141W/YBL068W/YLR446W/YOR095C/YGR010W/YDL045C/YDL166C/YBR127C/YJR057W/YHR216W/YLR354C/YGL067W/YOR163W/YDR441C/YJL116C/YOR344C/Q0130/YER170W/YHR202W/YHL011C/YDR520C/YBL098W/YDR226W/YOR222W/YBR145W/YMR145C/YPL075W/YHR074W/YGL224C/YJL130C/YJR025C/YJL005W/YMR323W/YDR428C/YEL041W",107
"GO:0032787","monocarboxylic acid metabolic process","101/2722","175/6447",0.577142857142857,1.36695077149155,4.20678074181614,2.07630397274637e-05,0.00167884006939206,0.00142999581882381,"YEL071W/YMR169C/YGL055W/YCR012W/YJL052W/YPR002W/YAL038W/YHR174W/YPL280W/YMR280C/YMR246W/YIR031C/YGL253W/YKL182W/YIL009W/YDL110C/YOR317W/YHR183W/YBR112C/YER073W/YBR218C/YKR009C/YPR069C/YBR221C/YPL231W/YML042W/YBR159W/YNR016C/YGR254W/YDL015C/YKL060C/YJL196C/YGR019W/YBR177C/YDL174C/YOR374W/YOR393W/YFR055W/YFR053C/YMR165C/YLR153C/YKL152C/YOL136C/YLR134W/YOL002C/YIR033W/YLR372W/YNL216W/YPR001W/YDR272W/YBR176W/YGL059W/YIR023W/YBL015W/YPR067W/YCL018W/YBR026C/YNL199C/YPR128C/YGR256W/YPL148C/YHR063C/YBR041W/YLR174W/YOR196C/YCL026C-A/YIL042C/YLR345W/YMR210W/YDR539W/YIL160C/YOL052C/YOR126C/YOL056W/YHR067W/YLR446W/YLL027W/YER065C/YKL055C/YKL184W/YLR146C/YGR037C/YDR216W/YKL029C/YDL192W/YOR344C/YGR286C/YCR034W/YPL017C/YMR020W/YBL098W/YMR170C/YFL018C/YML004C/YPL075W/YJR019C/YJR025C/YMR323W/YBR222C/YDR538W/YBR006W",101
"GO:0043604","amide biosynthetic process","39/2722","56/6447",0.696428571428571,1.64947648787656,4.1725265684967,2.8813906444941e-05,0.00222390968834136,0.00189427308398799,"YMR169C/YHL003C/YJL101C/YMR296C/YNL256W/YPR069C/YBR221C/YBR183W/YNR016C/YBR084W/YLR153C/YPL087W/YBR176W/YGL059W/YPR145W/YOL049W/YPR067W/YOR054C/YHR063C/YIL042C/YMR298W/YDR062W/YBR034C/YOL052C/YDR196C/YLL027W/YKL184W/YMR289W/YLR146C/YDR531W/YIL083C/YKR072C/YPL111W/YBR139W/YGR286C/YOL058W/YMR020W/YMR170C/YKL008C",39
"GO:1901135","carbohydrate derivative metabolic process","166/2722","313/6447",0.53035143769968,1.2561262743754,3.97082262469048,5.07300916888794e-05,0.00374520416033553,0.00319007533091626,"YBR117C/YGR043C/YMR105C/YGR248W/YCR012W/YJL052W/YAL038W/YHR174W/YPL273W/YIL107C/YAR015W/YGL253W/YKL165C/YDR400W/YDL022W/YFL053W/YDR399W/YER043C/YHR183W/YJL155C/YOR067C/YMR120C/YLR020C/YLR330W/YCL005W-A/YKL201C/YGR254W/YKL060C/YJR061W/YLR359W/YML081C-A/YDR434W/YDR414C/YJR105W/YGR209C/YOR393W/YLR088W/YOR320C/YLR377C/YFR053C/YOR020W-A/YNR059W/YPL175W/YMR271C/YBR022W/YKL181W/YLR043C/YKL152C/YOL136C/YML022W/YNL216W/YPR074C/YOL077W-A/YGR061C/YOL061W/Q0085/YMR013C/YPL271W/YDL004W/YMR237W/YGL027C/YNR034W/YJR133W/YNL158W/YNL029C/YIL039W/YJR143C/YGL234W/YNL199C/YML035C/YGR256W/YCR073W-A/YBL020W/YCR044C/YGR036C/YLR057W/YGL142C/YPR106W/YJL139C/YLR345W/YJL183W/YBR111C/YML019W/YOR128C/YLR028C/YOR002W/YNR012W/YKL216W/YHR163W/YKL035W/YHL032C/YKR027W/YBL039C/YBR038W/YFL025C/YOL056W/YNL220W/YLR420W/YOR099W/YGL257C/YJL186W/YBR002C/YOL059W/YDR408C/YBL068W/YLR446W/YBR205W/YOR095C/YBR199W/YCL052C/YJL062W/YDL103C/YOR103C/YOR336W/YBR127C/YBR023C/YNL219C/YAL023C/YJR057W/YBL082C/YHR216W/YOL141W/YLR354C/YKR061W/YNL038W/YOR299W/YGR227W/YOR163W/YDR441C/YDR483W/YBL061C/YJL116C/YOR344C/Q0130/YOR085W/YKR043C/YER170W/YKL127W/YFL045C/YPL189W/YMR278W/YCR017C/YBR036C/YHL011C/YEL002C/YOR047C/YNL048W/YPL227C/YDR226W/YPL053C/YIR007W/YPL075W/YLL031C/YDL055C/YJL130C/YOR149C/YPL050C/YEL004W/YJL005W/YDR099W/YNL010W/YMR323W/YER003C/YDL093W/YJL002C/YNL192W",166
"GO:0005975","carbohydrate metabolic process","143/2722","265/6447",0.539622641509434,1.2780849264553,3.95149974027907,5.62469350151431e-05,0.00397947065232137,0.00338961792591257,"YEL070W/YGR043C/YMR105C/YIL045W/YGR248W/YNR071C/YCR012W/YJL052W/YPR184W/YEL011W/YLR258W/YAL038W/YKR058W/YHR174W/YPR026W/YMR280C/YIL107C/YOR178C/YIR031C/YGL253W/YCR005C/YER054C/YDL022W/YFL053W/YBR126C/YFR017C/YJL089W/YOR190W/YML100W/YHR183W/YLR343W/YJL155C/YPR160W/YJL137C/YDR001C/YBR218C/YBR105C/YDR255C/YIL099W/YMR196W/YHR104W/YJR030C/YDR074W/YKL048C/YJL216C/YJR159W/YDR477W/YGR254W/YKL060C/YKR097W/YOL126C/YBL058W/YFR003C/YGR066C/YFR015C/YDR420W/YBR298C/YOR393W/YLR377C/YFR053C/YER062C/YMR215W/YKL152C/YOL136C/YLR134W/YNL216W/YBR056W/YMR311C/YDR511W/YCL039W/YIL123W/YPR001W/YGL027C/YNR034W/YGL059W/YML051W/YCL018W/YNL199C/YGR256W/YHR101C/YCR073W-A/YOL045W/YPR159W/YLR174W/YLR057W/YIL042C/YLR345W/YMR307W/YNL249C/YMR099C/YGR279C/YDL189W/YNR073C/YHR163W/YKL035W/YHL032C/YOL056W/YJL186W/YOL059W/YOL030W/YDL236W/YLR446W/YOR095C/YER065C/YNL066W/YPL180W/YOR336W/YGR194C/YLR354C/YIL017C/YPL201C/YJR096W/YOR344C/YDR368W/YMR305C/YKL127W/YFL045C/YMR278W/YPL133C/YHR210C/YOR047C/YNR067C/YBR145W/YHR047C/YLR189C/YMR145C/YJL036W/YIR007W/YPL075W/YIL162W/YDL247W/YDR109C/YDR099W/YMR323W/YKL046C/YPL248C/YDR009W/YMR238W/YBR058C/YER003C/YNR001C/YLR144C/YFR021W",143
"GO:0051235","maintenance of location","31/2722","43/6447",0.72093023255814,1.70750815918528,3.97892809859316,6.74479831881539e-05,0.00458106701813941,0.0039020433221273,"YLL040C/YAR002C-A/YDR414C/YAL007C/YNR051C/YDR372C/YPL196W/YKL002W/YOR208W/YJL110C/YPL158C/YER151C/YBR097W/YFL025C/YJL053W/YML107C/YBR200W/YML104C/YKL193C/YDL018C/YDR150W/YGL200C/YNR006W/YBR036C/YOR230W/YOR016C/YBL040C/YLR016C/YJL154C/YDR009W/YKR001C",31
"GO:0072524","pyridine-containing compound metabolic process","62/2722","101/6447",0.613861386138614,1.4539178385142,3.93019388779753,7.18933745816425e-05,0.00469519038613957,0.00399925087753752,"YBR117C/YPR127W/YGR043C/YGR248W/YCR012W/YJL052W/YNL200C/YAL038W/YHR174W/YGL253W/YDR400W/YDL022W/YFL060C/YNL334C/YHR183W/YMR303C/YGL037C/YGR254W/YKL060C/YMR096W/YOR374W/YOR393W/YFR053C/YOR209C/YPR021C/YKL152C/YOL136C/YNL216W/YPR074C/YNR034W/YEL029C/YNL199C/YGR256W/YCR073W-A/YLR174W/YLR345W/YMR083W/YJR049C/YPL134C/YHR163W/YOL056W/YOL059W/YLR446W/YBL036C/YOR095C/YGR010W/YLR354C/YGL067W/YOR344C/YHR202W/YBL098W/YOR047C/YOR222W/YBR145W/YMR145C/YPL075W/YFL059W/YHR074W/YJR025C/YMR323W/YDR428C/YEL041W",62
"GO:0015980","energy derivation by oxidation of organic compounds","96/2722","170/6447",0.564705882352941,1.33749405713792,3.81189209774441,0.000105119282655373,0.00637473364102938,0.00542984565295045,"YMR105C/YNR074C/YIL045W/YPR184W/YEL011W/YLR258W/YKR058W/YGR244C/YOR178C/YNL052W/YMR118C/YIR031C/YCR005C/YER054C/YMR030W/YFL053W/YKL085W/Q0105/YEL039C/YFR017C/YMR081C/YJR120W/Q0045/YPR160W/YER067W/YOR355W/YJL137C/Q0250/YGL187C/YOR065W/YIL099W/YHR051W/YPL159C/YLL013C/YIL057C/YJL045W/YEL024W/YPR191W/YNL169C/YOL126C/YBL058W/YFR003C/YLR154W-C/YFR015C/YIL111W/YMR165C/YDR529C/YKL148C/YNL031C/YLR134W/YMR311C/YPR001W/YOR356W/YPL271W/YLL041C/YFR033C/YOR142W/YBR026C/YOL045W/YLR174W/Q0275/YKL093W/YOR002W/YGL226W/YKL035W/YJL166W/YER065C/YKL055C/YBR010W/YIL070C/YJR104C/YJL116C/YBL021C/YKL127W/YPR155C/YKL109W/YLR304C/YGL107C/YDR178W/YLR139C/YJL200C/YFL018C/YBR145W/YHR047C/YDR148C/YMR145C/YJL036W/YBL045C/YLR038C/YMR002W/YPL262W/YDR099W/YMR056C/YPR140W/YNR001C/YFR021W",96
"GO:0050801","monoatomic ion homeostasis","96/2722","170/6447",0.564705882352941,1.33749405713792,3.81189209774441,0.000105119282655373,0.00637473364102938,0.00542984565295045,"YMR105C/YMR058W/YDR492W/YMR021C/YJL077C/YHL040C/YLR023C/YER053C/YFL050C/YML006C/YOR226C/YGL006W/YLR136C/YJR059W/YHR175W/YJL165C/YCL005W-A/YPL202C/YKL064W/YBR024W/YLR205C/YLR034C/YOL027C/YEL027W/YFR003C/YGR257C/YOR153W/YHR050W/YPR008W/YOR020W-A/YOR332W/YNL031C/YPL224C/YEL065W/YOL002C/YIR033W/YGR142W/YML057W/YOR079C/YLR447C/YOR381W/YOR267C/YDR506C/YKL134C/YDR202C/YDR011W/YMR243C/YJL084C/YOR054C/YLR126C/YAL053W/YCR044C/YBR295W/YDR270W/YGL008C/YCL058C/YJR049C/YMR244C-A/YDR376W/YGR169C-A/YEL031W/YHR039C-A/YER113C/YPL135W/YLR083C/YMR134W/YBR010W/YKL190W/YBR127C/YOR384W/YLR214W/YIL023C/YHR060W/YHR026W/YGL166W/YCL017C/YJR104C/YDR107C/YLR047C/YJR106W/YBR187W/YOL130W/YBR036C/YDR495C/YNL259C/YLL051C/YDR040C/YIL090W/YMR054W/YOR270C/YPR036W/YDR205W/YPL234C/YOR291W/YOR087W/YJL059W",96
"GO:0045333","cellular respiration","67/2722","112/6447",0.598214285714286,1.41685800881705,3.80408247302376,0.000116296828608584,0.00672052303068822,0.00572438078492692,"YNR074C/YGR244C/YNL052W/YMR118C/YIR031C/YCR005C/YMR030W/YKL085W/Q0105/YEL039C/YMR081C/YJR120W/Q0045/YOR355W/Q0250/YGL187C/YOR065W/YHR051W/YPL159C/YLL013C/YJL045W/YEL024W/YPR191W/YNL169C/YOL126C/YLR154W-C/YIL111W/YMR165C/YDR529C/YKL148C/YNL031C/YPR001W/YOR356W/YPL271W/YLL041C/YFR033C/YOR142W/YBR026C/YLR174W/Q0275/YKL093W/YOR002W/YGL226W/YJL166W/YER065C/YKL055C/YBR010W/YIL070C/YJR104C/YJL116C/YBL021C/YPR155C/YKL109W/YLR304C/YGL107C/YDR178W/YLR139C/YJL200C/YFL018C/YDR148C/YBL045C/YLR038C/YMR002W/YPL262W/YMR056C/YPR140W/YNR001C",67
"GO:0019725","cellular homeostasis","132/2722","245/6447",0.538775510204082,1.27607851369791,3.76596120586125,0.000118737156019226,0.00672052303068822,0.00572438078492692,"YMR105C/YLR109W/YMR058W/YBR050C/YGL253W/YDL022W/YDR492W/YDR135C/YMR021C/YHL040C/YLR023C/YER053C/YFL050C/YML006C/YOR226C/YGL006W/YNL142W/YLR136C/YPR194C/YJR059W/YHR175W/YMR116C/YJL165C/YCL005W-A/YBL064C/YPL202C/YKL064W/YBR024W/YLR205C/YLR034C/YOL027C/YEL027W/YFR003C/YNR002C/YGR209C/YGR257C/YOR153W/YFR053C/YHR050W/YOR124C/YPR008W/YIL114C/YOR332W/YNL031C/YLR043C/YPL222W/YPL224C/YEL065W/YOL002C/YIR033W/YML057W/YOR079C/YLR447C/YOR381W/YOR267C/YGL197W/YDR506C/YKL134C/YDR202C/YDR011W/YMR243C/YDR092W/YJL084C/YAL056W/YOR054C/YLR126C/YJL110C/YCR044C/YBR295W/YDR270W/YDR508C/YGL008C/YCL058C/YDR384C/YJR049C/YNL055C/YMR244C-A/YDR376W/YPR138C/YER132C/YGR169C-A/YEL031W/YPL203W/YLR446W/YHR039C-A/YHR106W/YER113C/YPL135W/YLR083C/YMR134W/YBR010W/YKL190W/YBR127C/YOR384W/YLR214W/YIL023C/YHR060W/YHR026W/YGL166W/YCL017C/YJR104C/YDR107C/YLR047C/YPR139C/YJR106W/YMR304W/YBR187W/YDR169C/YOL130W/YBR036C/YDR495C/YNL259C/YPR100W/YDR075W/YJL029C/YLL051C/YDR040C/YIL090W/YMR054W/YOR270C/YHR135C/YDL171C/YGL087C/YPR036W/YIL010W/YDR205W/YPL234C/YOR291W/YER020W/YOR087W/YLR430W/YJL059W",132
"GO:0019362","pyridine nucleotide metabolic process","54/2722","87/6447",0.620689655172414,1.47009045073349,3.77344974251934,0.000136945165153775,0.00750106098164869,0.00638922434367696,"YBR117C/YGR043C/YGR248W/YCR012W/YJL052W/YNL200C/YAL038W/YHR174W/YGL253W/YDR400W/YDL022W/YHR183W/YMR303C/YGL037C/YGR254W/YKL060C/YOR374W/YOR393W/YFR053C/YOR209C/YPR021C/YKL152C/YOL136C/YNL216W/YPR074C/YNR034W/YNL199C/YGR256W/YCR073W-A/YLR174W/YLR345W/YMR083W/YJR049C/YPL134C/YHR163W/YOL056W/YOL059W/YLR446W/YOR095C/YGR010W/YLR354C/YGL067W/YOR344C/YHR202W/YBL098W/YOR222W/YBR145W/YMR145C/YPL075W/YHR074W/YJR025C/YMR323W/YDR428C/YEL041W",54
"GO:0055080","monoatomic cation homeostasis","89/2722","157/6447",0.56687898089172,1.34264099552128,3.71526588020702,0.000154665341427737,0.00820692967950929,0.00699046641847732,"YMR105C/YMR058W/YDR492W/YMR021C/YJL077C/YHL040C/YLR023C/YER053C/YFL050C/YOR226C/YGL006W/YLR136C/YHR175W/YJL165C/YCL005W-A/YPL202C/YKL064W/YBR024W/YLR205C/YLR034C/YOL027C/YEL027W/YGR257C/YOR153W/YHR050W/YPR008W/YOR020W-A/YOR332W/YNL031C/YPL224C/YEL065W/YOL002C/YIR033W/YGR142W/YOR079C/YLR447C/YOR381W/YDR506C/YKL134C/YDR202C/YDR011W/YMR243C/YJL084C/YOR054C/YLR126C/YAL053W/YCR044C/YBR295W/YDR270W/YGL008C/YJR049C/YMR244C-A/YDR376W/YGR169C-A/YEL031W/YHR039C-A/YER113C/YPL135W/YLR083C/YMR134W/YBR010W/YBR127C/YOR384W/YLR214W/YIL023C/YHR060W/YHR026W/YGL166W/YCL017C/YJR104C/YDR107C/YLR047C/YJR106W/YBR187W/YOL130W/YBR036C/YDR495C/YNL259C/YLL051C/YDR040C/YIL090W/YMR054W/YOR270C/YPR036W/YDR205W/YPL234C/YOR291W/YOR087W/YJL059W",89
"GO:0009063","amino acid catabolic process","38/2722","57/6447",0.666666666666667,1.57898603967671,3.75302246053965,0.000159719393667033,0.0082182888014128,0.00700014184684222,"YMR250W/YER043C/YKL106W/YMR303C/YNL239W/YCL064C/YGR019W/YDR380W/YFR055W/YLR134W/YLR438W/YMR189W/YLR142W/YIR023W/YHR037W/YEL046C/YDL080C/YDR421W/YLR098C/YMR083W/YGL196W/YDL168W/YDR019C/YAL044C/YPL111W/YDR321W/YER086W/YDL219W/YBL098W/YFL018C/YBR145W/YDR148C/YKL015W/YHR137W/YJR025C/YDR428C/YMR043W/YBR006W",38
"GO:0006873","intracellular monoatomic ion homeostasis","92/2722","164/6447",0.560975609756098,1.32865898460601,3.64426521621401,0.000200898325093499,0.0099555650887045,0.0084799122384725,"YMR105C/YMR058W/YDR492W/YMR021C/YHL040C/YLR023C/YER053C/YFL050C/YML006C/YOR226C/YGL006W/YLR136C/YJR059W/YHR175W/YJL165C/YCL005W-A/YPL202C/YKL064W/YBR024W/YLR205C/YLR034C/YOL027C/YEL027W/YFR003C/YGR257C/YOR153W/YHR050W/YPR008W/YOR332W/YNL031C/YPL224C/YEL065W/YOL002C/YIR033W/YML057W/YOR079C/YLR447C/YOR381W/YOR267C/YDR506C/YKL134C/YDR202C/YDR011W/YMR243C/YJL084C/YOR054C/YLR126C/YCR044C/YBR295W/YDR270W/YGL008C/YCL058C/YJR049C/YMR244C-A/YDR376W/YGR169C-A/YEL031W/YHR039C-A/YER113C/YPL135W/YLR083C/YMR134W/YBR010W/YKL190W/YBR127C/YOR384W/YLR214W/YIL023C/YHR060W/YHR026W/YGL166W/YCL017C/YJR104C/YDR107C/YLR047C/YJR106W/YBR187W/YOL130W/YBR036C/YDR495C/YNL259C/YLL051C/YDR040C/YIL090W/YMR054W/YOR270C/YPR036W/YDR205W/YPL234C/YOR291W/YOR087W/YJL059W",92
"GO:0046496","nicotinamide nucleotide metabolic process","53/2722","86/6447",0.616279069767442,1.45964407156161,3.66804169182944,0.000205208938813108,0.0099555650887045,0.0084799122384725,"YBR117C/YGR043C/YGR248W/YCR012W/YJL052W/YNL200C/YAL038W/YHR174W/YGL253W/YDR400W/YDL022W/YHR183W/YMR303C/YGR254W/YKL060C/YOR374W/YOR393W/YFR053C/YOR209C/YPR021C/YKL152C/YOL136C/YNL216W/YPR074C/YNR034W/YNL199C/YGR256W/YCR073W-A/YLR174W/YLR345W/YMR083W/YJR049C/YPL134C/YHR163W/YOL056W/YOL059W/YLR446W/YOR095C/YGR010W/YLR354C/YGL067W/YOR344C/YHR202W/YBL098W/YOR222W/YBR145W/YMR145C/YPL075W/YHR074W/YJR025C/YMR323W/YDR428C/YEL041W",53
"GO:0009060","aerobic respiration","59/2722","98/6447",0.602040816326531,1.42592106644274,3.63174684562375,0.00022969373397338,0.0105605513584505,0.00899522507377782,"YGR244C/YNL052W/YMR118C/YIR031C/YCR005C/YMR030W/YKL085W/Q0105/YEL039C/YMR081C/Q0045/YOR355W/Q0250/YGL187C/YOR065W/YHR051W/YPL159C/YLL013C/YJL045W/YEL024W/YPR191W/YNL169C/YOL126C/YIL111W/YMR165C/YDR529C/YKL148C/YNL031C/YPR001W/YPL271W/YLL041C/YFR033C/YOR142W/YBR026C/YLR174W/Q0275/YKL093W/YOR002W/YGL226W/YJL166W/YER065C/YKL055C/YBR010W/YIL070C/YJL116C/YPR155C/YLR304C/YGL107C/YDR178W/YLR139C/YJL200C/YDR148C/YBL045C/YLR038C/YMR002W/YPL262W/YMR056C/YPR140W/YNR001C",59
"GO:0002181","cytoplasmic translation","100/2722","181/6447",0.552486187845304,1.30855196658291,3.59913787154597,0.000234067136304033,0.0105605513584505,0.00899522507377782,"YNL069C/YLR136C/YDL184C/YGL135W/YIL133C/YGL103W/YLR048W/YBL027W/YPL119C/YDL229W/YLR441C/YML063W/YAL005C/YLR192C/YLR029C/YNL067W/YML026C/YHL033C/YNL209W/YOR182C/YGR214W/YIL148W/YGL076C/YML024W/YMR309C/YHR064C/YPL198W/YLR262C-A/YLR075W/YAL036C/YHR203C/YBR143C/YPL220W/YIL018W/YDL133C-A/YJR145C/YMR146C/YOR312C/YMR242C/YDR012W/YOL045W/YGL049C/YLR388W/YDL082W/YOR096W/YKR059W/YPR102C/YLR448W/YOL139C/YKL180W/YER117W/YMR121C/YPL143W/YNL244C/YBR084C-A/YGR169C-A/YPL203W/YBR191W/YGL030W/YLR367W/YLR264W/YEL054C/YOL127W/YMR194W/YPL131W/YNL178W/YNL096C/YLR212C/YPL009C/YOR091W/YJL177W/YHR141C/YIL069C/YDR471W/YNL175C/YGR271W/YMR142C/YPL079W/YJL190C/YGR162W/YOL120C/YBR061C/YJR014W/YBR031W/YOL040C/YGR085C/YDR418W/YOR260W/YNL255C/YDL213C/YHL001W/YDR447C/YDR450W/YKL166C/YCR077C/YER074W/YMR260C/YLR061W/YDR429C/YLR340W",100
"GO:0006790","sulfur compound metabolic process","77/2722","134/6447",0.574626865671642,1.36099169837806,3.60958930910373,0.000236337427338704,0.0105605513584505,0.00899522507377782,"YMR009W/YLL060C/YFR030W/YKR069W/YGR244C/YMR246W/YPL273W/YKL001C/YOR285W/YNR043W/YPR167C/YDR135C/YIL009W/YDR253C/YER043C/YOR317W/YNL103W/YPR118W/YIR017C/YHR112C/YJL101C/YJR010W/YBR221C/YNL277W/YNR016C/YNL239W/YBR281C/YJR024C/YGL126W/YGR209C/YGR204W/YDR380W/YFR055W/YLR153C/YMR208W/YOR143C/YBR240C/YLR299W/YGL059W/YOL049W/YPR067W/YML126C/YOR142W/YOR054C/YJR156C/YOR196C/YNL191W/YIL042C/YDL080C/YGL184C/YML075C/YLR303W/YDR196C/YLL027W/YGR154C/YDR531W/YIL083C/YKR072C/YEL038W/YLL057C/YGR286C/YGL125W/YGR155W/YLL062C/YCR020C/YOL055C/YJR137C/YDR148C/YHR032W/YML004C/YFL059W/YLR450W/YKR076W/YHR137W/YJR019C/YOR311C/YNR001C",77
"GO:0046040","IMP metabolic process","12/2722","13/6447",0.923076923076923,2.18628836262929,3.65971689032228,0.000251442466589647,0.0109474181607493,0.00932474896340555,"YAR015W/YDR399W/YMR120C/YLR359W/YGR061C/YJR133W/YGL234W/YML035C/YOR128C/YLR028C/YNL220W/YDR408C",12
"GO:0042592","homeostatic process","145/2722","276/6447",0.52536231884058,1.24430965083219,3.54603863726447,0.000267867522989897,0.0113709763509211,0.00968552569968732,"YMR105C/YLR109W/YMR058W/YBR050C/YGL253W/YDL022W/YDR492W/YER037W/YDR135C/YMR021C/YJL077C/YHL040C/YLR023C/YER053C/YFL050C/YML006C/YOR226C/YGL006W/YNL142W/YLR136C/YPR194C/YJR059W/YHR175W/YMR116C/YJL165C/YCL005W-A/YBL064C/YPL202C/YKL064W/YBR024W/YLR205C/YLR034C/YOL027C/YEL027W/YFR003C/YNR002C/YGL126W/YGR209C/YGR257C/YOR153W/YFR053C/YHR050W/YOR124C/YPR008W/YOR020W-A/YIL114C/YOR332W/YNL031C/YLR043C/YPL222W/YPL224C/YEL065W/YOL002C/YIR033W/YGR142W/YML057W/YOR079C/YLR447C/YOR381W/YOR267C/YGL197W/YDR506C/YKL134C/YDR202C/YDR011W/YMR243C/YDR092W/YJL084C/YAL056W/YOR054C/YLR126C/YJL110C/YAL053W/YCR044C/YBR295W/YDR270W/YDR508C/YGL008C/YCL058C/YML072C/YDR384C/YJR049C/YNL055C/YMR244C-A/YDR376W/YPR138C/YER132C/YGR169C-A/YEL031W/YLR253W/YPL203W/YLR446W/YHR039C-A/YHR106W/YER113C/YPL135W/YPL109C/YLR083C/YMR134W/YBR010W/YKL190W/YBR127C/YOR384W/YLR214W/YIL023C/YHR060W/YHR026W/YGL166W/YCL017C/YJR104C/YDR107C/YLR047C/YAL048C/YPR139C/YJR106W/YOR059C/YMR304W/YBR187W/YDR169C/YOL130W/YBR036C/YDR495C/YNL259C/YPR100W/YDR075W/YJL029C/YLL051C/YDR040C/YOR086C/YIL090W/YMR054W/YOR270C/YHR135C/YDL171C/YGL087C/YPR036W/YIL010W/YDR205W/YPL234C/YOR291W/YER020W/YOR087W/YLR430W/YJL059W/YHR209W",145
"GO:0016053","organic acid biosynthetic process","104/2722","190/6447",0.547368421052632,1.29643064310298,3.54521755931129,0.000283432420292734,0.0113743849470945,0.00968842906038551,"YEL071W/YMR009W/YMR169C/YGL055W/YKR069W/YPL280W/YPL273W/YKL001C/YKL182W/YPR167C/YDL110C/YJL088W/YBR112C/YNL103W/YER073W/YPR118W/YIR017C/YJL071W/YNL256W/YPR069C/YPL231W/YNL277W/YBR159W/YNR016C/YDL015C/YJL196C/YOR375C/YBR177C/YPR060C/YBR084W/YIL051C/YJR024C/YGR204W/YOR374W/YFR055W/YHR018C/YIR033W/YHR033W/YPR035W/YLR372W/YLR438W/YER081W/YBR176W/YPR145W/YDR035W/YPR067W/YHR037W/YCL018W/YBR026C/YBR263W/YPL148C/YJR109C/YHR063C/YOR196C/YEL046C/YMR210W/YGR208W/YIL020C/YOR184W/YGL184C/YBR166C/YBR034C/YOL052C/YHR067W/YLR303W/YLL027W/YIL094C/YKL055C/YKL184W/YER090W/YMR289W/YLR146C/YDR234W/YGR037C/YDR354W/YOR130C/YCL009C/YLR355C/YEL038W/YER086W/YGR286C/YGL125W/YOL058W/YGR155W/YCR034W/YMR020W/YLL062C/YBL098W/YJL200C/YMR170C/YML096W/YFL018C/YJR137C/YDR300C/YOR108W/YDL171C/YDL131W/YBR248C/YHR137W/YJR025C/YNL010W/YOR202W/YMR108W/YMR043W",104
"GO:0046394","carboxylic acid biosynthetic process","104/2722","190/6447",0.547368421052632,1.29643064310298,3.54521755931129,0.000283432420292734,0.0113743849470945,0.00968842906038551,"YEL071W/YMR009W/YMR169C/YGL055W/YKR069W/YPL280W/YPL273W/YKL001C/YKL182W/YPR167C/YDL110C/YJL088W/YBR112C/YNL103W/YER073W/YPR118W/YIR017C/YJL071W/YNL256W/YPR069C/YPL231W/YNL277W/YBR159W/YNR016C/YDL015C/YJL196C/YOR375C/YBR177C/YPR060C/YBR084W/YIL051C/YJR024C/YGR204W/YOR374W/YFR055W/YHR018C/YIR033W/YHR033W/YPR035W/YLR372W/YLR438W/YER081W/YBR176W/YPR145W/YDR035W/YPR067W/YHR037W/YCL018W/YBR026C/YBR263W/YPL148C/YJR109C/YHR063C/YOR196C/YEL046C/YMR210W/YGR208W/YIL020C/YOR184W/YGL184C/YBR166C/YBR034C/YOL052C/YHR067W/YLR303W/YLL027W/YIL094C/YKL055C/YKL184W/YER090W/YMR289W/YLR146C/YDR234W/YGR037C/YDR354W/YOR130C/YCL009C/YLR355C/YEL038W/YER086W/YGR286C/YGL125W/YOL058W/YGR155W/YCR034W/YMR020W/YLL062C/YBL098W/YJL200C/YMR170C/YML096W/YFL018C/YJR137C/YDR300C/YOR108W/YDL171C/YDL131W/YBR248C/YHR137W/YJR025C/YNL010W/YOR202W/YMR108W/YMR043W",104
"GO:0034655","nucleobase-containing compound catabolic process","125/2722","234/6447",0.534188034188034,1.26521317281788,3.53246945747284,0.000288043906198506,0.0113743849470945,0.00968842906038551,"YCR012W/YJL052W/YAL038W/YLR270W/YHR174W/YGL253W/YDR400W/YKL204W/YGL222C/YER037W/YOR173W/YER043C/YDL007W/YGL173C/YLR136C/YGL101W/YPL190C/YOL123W/YLL013C/YMR116C/YGR254W/YKL060C/YLR192C/YER035W/YER049W/YGL126W/YDL165W/YOR393W/YFR053C/YGR048W/YMR125W/YGL246C/YKL152C/YOL136C/YIR033W/YNL216W/YPL184C/YBR170C/YLR363C/YGR122W/YJL208C/YOR166C/YAL021C/YOL142W/YJR119C/YNL157W/YPL042C/YNL199C/YKR084C/YMR080C/YDR370C/YKL023W/YNL118C/YGL048C/YDR490C/YER146W/YLR345W/YOL139C/YOL115W/YOL072W/YJL087C/YNL147W/YIL161W/YDL126C/YOL056W/YPL029W/YLR446W/YDR315C/YPR111W/YLR264W/YGL178W/YGL213C/YAL033W/YNL178W/YLR154C/YHR069C/YBR257W/YDL102W/YPL199C/YNL023C/YDR159W/YBL055C/YDL175C/YML118W/YGL067W/YIL151C/YOR163W/YGR195W/YOR344C/YGL014W/YMR287C/YDR206W/YOL100W/YNL016W/YBL032W/YJL140W/YGR158C/YLR145W/YMR278W/YHR202W/YGL107C/YNL197C/YKL208W/YJR014W/YER176W/YLR427W/YBR242W/YNL001W/YMR234W/YPR072W/YGL094C/YLR233C/YPL075W/YOR001W/YGL224C/YFL038C/YJL047C/YMR323W/YOR048C/YER068W/YGR072W/YGR030C/YNR001C/YBR212W/YCR077C",125
"GO:0045185","maintenance of protein location","27/2722","38/6447",0.710526315789474,1.68286670018175,3.60876556433707,0.000296723868955564,0.011450843851967,0.00975355492691257,"YLL040C/YAR002C-A/YDR414C/YAL007C/YNR051C/YDR372C/YPL196W/YKL002W/YOR208W/YJL110C/YPL158C/YER151C/YBR097W/YFL025C/YJL053W/YBR200W/YKL193C/YDL018C/YDR150W/YGL200C/YNR006W/YOR230W/YOR016C/YBL040C/YJL154C/YDR009W/YKR001C",27
"GO:0006144","purine nucleobase metabolic process","17/2722","21/6447",0.80952380952381,1.917340191036,3.5991154735427,0.000332871925240471,0.0125603673124071,0.0106986204743955,"YIR031C/YDR399W/YJR105W/YGR204W/YML022W/YIR032C/YJR133W/YKR080W/YGL234W/YML035C/YOR128C/YOR184W/YDR408C/YNL141W/YDL238C/YIR027C/YDR441C",17
"GO:0006520","amino acid metabolic process","124/2722","233/6447",0.532188841201717,1.26047812609385,3.4617019076135,0.000372512643175871,0.0137505753937528,0.0117124112522574,"YMR009W/YMR169C/YMR250W/YKR069W/YPL273W/YKL001C/YPR167C/YEL066W/YER043C/YJL088W/YNL103W/YPR118W/YIR017C/YHR112C/YJL071W/YKL106W/YMR303C/YGR264C/YMR116C/YNL277W/YNL239W/YCL064C/YOR375C/YGR019W/YMR096W/YPR060C/YIL051C/YJR024C/YGR204W/YDR380W/YFR055W/YOR168W/YDR173C/YLR351C/YHR018C/YLR134W/YHR033W/YOR335C/YPR035W/YKL218C/YLR438W/YER081W/YMR189W/YLR142W/YHR020W/YOL097C/YIR023W/YPR145W/YDR035W/YMR110C/YHR037W/YCL018W/YLR060W/YBR263W/YGR102C/YJR109C/YBL076C/YEL046C/YPR033C/YGR208W/YHR091C/YIL020C/YDL080C/YDR421W/YLR098C/YMR083W/YOR184W/YGL184C/YBR166C/YPR081C/YLR303W/YLL018C/YIL094C/YPL097W/YGL196W/YKL184W/YER090W/YML076C/YDR341C/YDR234W/YDL168W/YDR354W/YOR130C/YDR019C/YCL009C/YKL029C/YLR355C/YAL044C/YPL111W/YDR321W/YEL038W/YDR023W/YER086W/YGL125W/YOL058W/YGR155W/YDL219W/YER087W/YLL062C/YBL098W/YJL200C/YMR170C/YML096W/YFL018C/YBR145W/YDR148C/YDR300C/YPL160W/YOR108W/YKL015W/YFL059W/YDL171C/YDL131W/YBR248C/YHR137W/YJL130C/YJR025C/YNL010W/YOR202W/YDR428C/YCR024C/YMR108W/YMR043W/YBR006W",124
"GO:0030003","intracellular monoatomic cation homeostasis","85/2722","152/6447",0.55921052631579,1.32447842143934,3.46047582622861,0.000398711807487353,0.014404524449224,0.012269429417416,"YMR105C/YMR058W/YDR492W/YMR021C/YHL040C/YLR023C/YER053C/YFL050C/YOR226C/YGL006W/YLR136C/YHR175W/YJL165C/YCL005W-A/YPL202C/YKL064W/YBR024W/YLR205C/YLR034C/YOL027C/YEL027W/YGR257C/YOR153W/YHR050W/YPR008W/YOR332W/YNL031C/YPL224C/YEL065W/YOL002C/YIR033W/YOR079C/YLR447C/YOR381W/YDR506C/YKL134C/YDR202C/YDR011W/YMR243C/YJL084C/YOR054C/YLR126C/YCR044C/YBR295W/YDR270W/YGL008C/YJR049C/YMR244C-A/YDR376W/YGR169C-A/YEL031W/YHR039C-A/YER113C/YPL135W/YLR083C/YMR134W/YBR010W/YBR127C/YOR384W/YLR214W/YIL023C/YHR060W/YHR026W/YGL166W/YCL017C/YJR104C/YDR107C/YLR047C/YJR106W/YBR187W/YOL130W/YBR036C/YDR495C/YNL259C/YLL051C/YDR040C/YIL090W/YMR054W/YOR270C/YPR036W/YDR205W/YPL234C/YOR291W/YOR087W/YJL059W",85
"GO:1901606","alpha-amino acid catabolic process","30/2722","44/6447",0.681818181818182,1.614872086033,3.49820645802124,0.000434701701477225,0.0151721489485363,0.012923273606899,"YMR250W/YER043C/YKL106W/YNL239W/YCL064C/YDR380W/YFR055W/YLR134W/YLR438W/YMR189W/YLR142W/YHR037W/YEL046C/YDR421W/YGL196W/YDR019C/YAL044C/YPL111W/YDR321W/YER086W/YDL219W/YBL098W/YFL018C/YDR148C/YKL015W/YHR137W/YJR025C/YDR428C/YMR043W/YBR006W",30
"GO:0009112","nucleobase metabolic process","25/2722","35/6447",0.714285714285714,1.69177075679647,3.50772499130605,0.000437829975546689,0.0151721489485363,0.012923273606899,"YIR031C/YER037W/YDR399W/YJR105W/YGR204W/YMR271C/YML022W/YIR032C/YJR133W/YKR080W/YGL234W/YML035C/YOR128C/YOR184W/YKL216W/YBL039C/YLR420W/YDR408C/YNL141W/YDL238C/YIR027C/YDR441C/YDR520C/YGL224C/YJL130C",25
"GO:0008610","lipid biosynthetic process","124/2722","234/6447",0.52991452991453,1.25509146743533,3.39765482989805,0.000467731946677611,0.0156625246499603,0.0133409639012122,"YGL055W/YGR060W/YLR056W/YKL165C/YKL182W/YNR043W/YGR157W/YOR298W/YMR015C/YDL110C/YNL130C/YER043C/YBR112C/YHR007C/YHR123W/YHL003C/YMR296C/YMR202W/YHR046C/YGR202C/YPL231W/YBR183W/YBR159W/YKR067W/YNR016C/YJL100W/YDL015C/YJL196C/YBR029C/YNL111C/YNL169C/YDR434W/YBR177C/YGL139W/YHR072W/YOL032W/YDR123C/YGL126W/YKR070W/YLR100W/YLR088W/YDR173C/YMR165C/YPL175W/YPL087W/YPL028W/YIR033W/YHL020C/YMR208W/YLR372W/YLR133W/YBL011W/YMR013C/YAL009W/YGL001C/YNL158W/YLR193C/YML126C/YIL039W/YMR079W/YBR026C/YAL053W/YBR042C/YLR347C/YPL148C/YNL280C/YJL167W/YDR096W/YCR044C/YOR196C/YGR036C/YGL142C/YOR171C/YMR210W/YMR298W/YNR041C/YML075C/YBL039C/YDR062W/YFL025C/YGR175C/YER044C/YBR002C/YHR067W/YMR070W/YKL055C/YOL151W/YCL052C/YMR134W/YJL062W/YLR168C/YJL054W/YML008C/YGR037C/YPL221W/YNL038W/YJL134W/YIL124W/YGR149W/YPL189W/YCR034W/YCR017C/YBR036C/YJL153C/YDR018C/YGR046W/YKL150W/YBR109C/YKL101W/YHR042W/YBL060W/YBR003W/YLR189C/YML087C/YLR450W/YHR133C/YLL031C/YDR208W/YOR149C/YOR311C/YPL120W/YPR140W/YKL126W/YKL008C",124
"GO:0072522","purine-containing compound biosynthetic process","55/2722","92/6447",0.597826086956522,1.41593856818835,3.4347204922846,0.000475525071556936,0.0156625246499603,0.0133409639012122,"YAR015W/YDR400W/YDR399W/YMR120C/YBR221C/YNR016C/YLR359W/YML081C-A/YJR105W/YGR204W/YOR020W-A/YOR209C/YLR153C/YKL181W/YML022W/YOL077W-A/YGR061C/YOL061W/Q0085/YPL271W/YDL004W/YJR133W/YGL059W/YKR080W/YOR054C/YGL234W/YML035C/YIL042C/YOR128C/YOR184W/YLR028C/YJR049C/YNL220W/YDR408C/YNL141W/YBL068W/YDR196C/YGR010W/YDR531W/YIL083C/YKR072C/YHR216W/YDR441C/YJL116C/Q0130/YER170W/YMR278W/YHL011C/YBL098W/YDR226W/YHR074W/YJR025C/YJL005W/YDR428C/YEL041W",55
"GO:0098771","inorganic ion homeostasis","66/2722","114/6447",0.578947368421053,1.37122471866662,3.4183036671748,0.000485518136843518,0.0156625246499603,0.0133409639012122,"YMR105C/YMR058W/YDR492W/YMR021C/YJL077C/YHL040C/YLR023C/YER053C/YFL050C/YOR226C/YGL006W/YLR136C/YHR175W/YPL202C/YKL064W/YBR024W/YLR205C/YLR034C/YOL027C/YEL027W/YGR257C/YHR050W/YPR008W/YOR020W-A/YNL031C/YPL224C/YEL065W/YOL002C/YIR033W/YOR079C/YOR381W/YDR506C/YKL134C/YMR243C/YAL053W/YCR044C/YDR270W/YJR049C/YMR244C-A/YDR376W/YGR169C-A/YEL031W/YER113C/YPL135W/YLR083C/YMR134W/YBR010W/YBR127C/YOR384W/YLR214W/YIL023C/YGL166W/YCL017C/YJR104C/YDR107C/YLR047C/YJR106W/YBR187W/YOL130W/YBR036C/YNL259C/YLL051C/YDR040C/YIL090W/YDR205W/YOR291W",66
"GO:0019693","ribose phosphate metabolic process","60/2722","102/6447",0.588235294117647,1.39322297618533,3.4217575253518,0.000488877388956359,0.0156625246499603,0.0133409639012122,"YCR012W/YJL052W/YAL038W/YHR174W/YAR015W/YGL253W/YDR399W/YMR120C/YGR254W/YKL060C/YLR359W/YML081C-A/YJR105W/YOR393W/YFR053C/YOR020W-A/YMR271C/YKL181W/YKL152C/YOL136C/YML022W/YNL216W/YOL077W-A/YGR061C/YOL061W/Q0085/YPL271W/YDL004W/YJR133W/YGL234W/YNL199C/YML035C/YLR345W/YBR111C/YOR128C/YLR028C/YNR012W/YKL216W/YBL039C/YOL056W/YNL220W/YLR420W/YDR408C/YBL068W/YLR446W/YBR127C/YHR216W/YOR163W/YDR441C/YJL116C/YOR344C/Q0130/YKR043C/YER170W/YHL011C/YDR226W/YPL075W/YJL130C/YJL005W/YMR323W",60
"GO:0009057","macromolecule catabolic process","237/2722","479/6447",0.494780793319415,1.17187794802729,3.34194718487764,0.000522200866571995,0.0164203161377638,0.0139864325666651,"YKR075C/YBR169C/YPR184W/YLR270W/YBR286W/YNL336W/YPR103W/YDR358W/YDR273W/YKL204W/YBR114W/YGL222C/YDR430C/YDL079C/YJL172W/YFR017C/YHL048W/YMR021C/YJR161C/YOR190W/YOR173W/YGR295C/YHR027C/YPL106C/YDL007W/YNL155W/YFR004W/YIL075C/YPR160W/YGL173C/YLR136C/YNL007C/YPL190C/YOL123W/YBR105C/YDR255C/YIL099W/YOR261C/YLL013C/YMR116C/YKL054C/YLR330W/YEL060C/YBL022C/YMR161W/YAL005C/YLR192C/YMR247C/YER035W/YER049W/YBL058W/YDR219C/YGR066C/YJL144W/YMR174C/YFR010W/YKL100C/YDL165W/YIL148W/YOR124C/YGR048W/YMR125W/YFR050C/YGL246C/YFL016C/YJL151C/YDR330W/YNL307C/YIR033W/YBL041W/YPL154C/YOR003W/YHL002W/YBR056W/YCL039W/YPL184C/YBR170C/YLR363C/YIL123W/YGR122W/YDL091C/YFL044C/YGR253C/YJL208C/YOR166C/YAL021C/YOL142W/YHR200W/YJR119C/YOL133W/YBR101C/YDR363W-A/YNL157W/YPL042C/YFL062W/YKR084C/YMR080C/YDR054C/YAL058W/YDR370C/YBL075C/YKL023W/YFR036W/YBR041W/YLR057W/YNL118C/YML029W/YGL048C/YDR490C/YDR177W/YPL002C/YER146W/YLR224W/YPR024W/YJL048C/YOL139C/YOL115W/YGR003W/YOL072W/YJL087C/YGR023W/YNL147W/YIL161W/YPR131C/YDR427W/YBR290W/YDL126C/YFL025C/YPL029W/YMR067C/YOL038W/YDR118W/YDR315C/YPR111W/YLR264W/YNL066W/YGL178W/YGL011C/YGL213C/YAL033W/YNL178W/YLR154C/YPL009C/YAL020C/YCL052C/YJR017C/YHR069C/YBR257W/YDL102W/YFR052W/YMR119W/YPL199C/YMR184W/YDR306C/YNL023C/YOR057W/YKL022C/YDR159W/YDR002W/YBL055C/YJR062C/YDL175C/YAL023C/YML068W/YGL240W/YML118W/YER021W/YIL017C/YNR006W/YIL151C/YMR100W/YGR195W/YDR394W/YNL153C/YDL139C/YNL172W/YLR104W/YGL014W/YMR287C/YDR206W/YOL100W/YDR143C/YNL016W/YBL032W/YDR265W/YJL140W/YGR158C/YFL009W/YLR145W/YKL219W/YOR042W/YDL097C/YMR264W/YHR108W/YMR115W/YGL107C/YNL197C/YKL208W/YJR014W/YER176W/YKL124W/YNR067C/YGR225W/YLR427W/YDL132W/YKL101W/YNL001W/YMR234W/YPR072W/YGL094C/YJL036W/YIR007W/YGL116W/YLR233C/YOR001W/YIL162W/YOR249C/YFL038C/YNL159C/YHL030W/YJL047C/YOR048C/YER068W/YGR072W/YBR173C/YCL044C/YNL064C/YGR030C/YBR058C/YDR131C/YLL039C/YLR127C/YBR212W/YCR077C/YLR144C/YFR021W/YKR017C",237
"GO:0006188","IMP biosynthetic process","11/2722","12/6447",0.916666666666667,2.17110580455547,3.47087164457826,0.000553373703335648,0.016923456198086,0.0144149952366067,"YAR015W/YDR399W/YMR120C/YLR359W/YGR061C/YJR133W/YGL234W/YML035C/YOR128C/YLR028C/YDR408C",11
"GO:0006629","lipid metabolic process","180/2722","355/6447",0.507042253521127,1.20091895975412,3.32875033102333,0.00056518864349731,0.016923456198086,0.0144149952366067,"YGL055W/YPR002W/YGR060W/YLR056W/YMR246W/YKL165C/YKL182W/YNR043W/YGR157W/YOR298W/YMR015C/YIL009W/YDL110C/YNL130C/YER043C/YOR317W/YBR112C/YHR007C/YHR123W/YDL237W/YHL003C/YKL212W/YMR296C/YKR009C/YMR202W/YLR020C/YHR046C/YGR202C/YPL231W/YBR183W/YML042W/YBR159W/YKR067W/YNR016C/YJL100W/YDL015C/YJL196C/YPL202C/YBR029C/YNL111C/YMR313C/YNL169C/YDR434W/YBR177C/YGL139W/YHR072W/YPR147C/YOL032W/YDR123C/YGL126W/YOR374W/YKR070W/YLR100W/YLR088W/YDR173C/YMR165C/YPL175W/YPL087W/YPL028W/YOL002C/YIR033W/YDR372C/YHL020C/YMR208W/YLR372W/YLR133W/YBL011W/YPR001W/YMR013C/YKR089C/YGL059W/YPL110C/YAL009W/YGL001C/YNL158W/YCR068W/YLR193C/YMR110C/YML126C/YIL039W/YLL012W/YMR079W/YBR026C/YPR128C/YAL053W/YBR042C/YLR347C/YPL148C/YNL280C/YJL167W/YDR096W/YJL145W/YCR044C/YBR041W/YOR196C/YGR233C/YGR036C/YGL142C/YCL026C-A/YOR171C/YIL042C/YMR210W/YOR093C/YML072C/YMR298W/YDR284C/YNR041C/YML075C/YHL032C/YBL039C/YDR062W/YIL160C/YFL025C/YOR126C/YGR175C/YHR001W/YER044C/YBR002C/YMR008C/YHR067W/YMR070W/YPL103C/YKL055C/YOL151W/YBR086C/YCL052C/YMR134W/YJL062W/YLR168C/YJL054W/YGL144C/YDR531W/YDR058C/YML008C/YKL140W/YNL012W/YGR037C/YDR216W/YPL221W/YNL038W/YDL192W/YJL134W/YIL124W/YPL006W/YPR139C/YOR059C/YGR149W/YPL189W/YCR034W/YCR017C/YBR036C/YJL153C/YDR018C/YGR046W/YGR031W/YDR503C/YKL150W/YOR086C/YBR109C/YKL101W/YHR042W/YBL060W/YBR003W/YLR189C/YOL065C/YIR007W/YML087C/YLR450W/YHR133C/YLL031C/YJR019C/YDR208W/YOR149C/YOR311C/YPL120W/YPR140W/YNR019W/YBR222C/YKL126W/YKL008C",180
"GO:0008204","ergosterol metabolic process","27/2722","39/6447",0.692307692307692,1.63971627197197,3.4251888542035,0.00057806858627149,0.016923456198086,0.0144149952366067,"YGR060W/YLR056W/YNR043W/YMR015C/YHR007C/YMR202W/YHR072W/YLR100W/YPL028W/YMR208W/YGL001C/YML126C/YNL280C/YJL167W/YML075C/YGR175C/YER044C/YMR070W/YOL151W/YMR134W/YDR531W/YML008C/YKL150W/YHR042W/YML087C/YLR450W/YNR019W",27
"GO:0016128","phytosteroid metabolic process","27/2722","39/6447",0.692307692307692,1.63971627197197,3.4251888542035,0.00057806858627149,0.016923456198086,0.0144149952366067,"YGR060W/YLR056W/YNR043W/YMR015C/YHR007C/YMR202W/YHR072W/YLR100W/YPL028W/YMR208W/YGL001C/YML126C/YNL280C/YJL167W/YML075C/YGR175C/YER044C/YMR070W/YOL151W/YMR134W/YDR531W/YML008C/YKL150W/YHR042W/YML087C/YLR450W/YNR019W",27
"GO:0009126","purine nucleoside monophosphate metabolic process","19/2722","25/6447",0.76,1.80004408523145,3.42590128568871,0.000624904244946209,0.0174478509651708,0.0148616621574265,"YAR015W/YDR399W/YMR120C/YLR359W/YJR105W/YML022W/YGR061C/YJR133W/YGL234W/YML035C/YOR128C/YLR028C/YNL220W/YDR408C/YNL141W/YHR216W/YDR441C/YER170W/YDR226W",19
"GO:0009167","purine ribonucleoside monophosphate metabolic process","19/2722","25/6447",0.76,1.80004408523145,3.42590128568871,0.000624904244946209,0.0174478509651708,0.0148616621574265,"YAR015W/YDR399W/YMR120C/YLR359W/YJR105W/YML022W/YGR061C/YJR133W/YGL234W/YML035C/YOR128C/YLR028C/YNL220W/YDR408C/YNL141W/YHR216W/YDR441C/YER170W/YDR226W",19
"GO:0055082","intracellular chemical homeostasis","112/2722","210/6447",0.533333333333333,1.26318883174137,3.31447924717861,0.000634844529852265,0.0174478509651708,0.0148616621574265,"YMR105C/YMR058W/YBR050C/YGL253W/YDR492W/YMR021C/YHL040C/YLR023C/YER053C/YFL050C/YML006C/YOR226C/YGL006W/YNL142W/YLR136C/YJR059W/YHR175W/YMR116C/YJL165C/YCL005W-A/YPL202C/YKL064W/YBR024W/YLR205C/YLR034C/YOL027C/YEL027W/YFR003C/YNR002C/YGR257C/YOR153W/YFR053C/YHR050W/YPR008W/YOR332W/YNL031C/YPL224C/YEL065W/YOL002C/YIR033W/YML057W/YOR079C/YLR447C/YOR381W/YOR267C/YDR506C/YKL134C/YDR202C/YDR011W/YMR243C/YJL084C/YAL056W/YOR054C/YLR126C/YJL110C/YCR044C/YBR295W/YDR270W/YDR508C/YGL008C/YCL058C/YDR384C/YJR049C/YMR244C-A/YDR376W/YPR138C/YGR169C-A/YEL031W/YPL203W/YLR446W/YHR039C-A/YER113C/YPL135W/YLR083C/YMR134W/YBR010W/YKL190W/YBR127C/YOR384W/YLR214W/YIL023C/YHR060W/YHR026W/YGL166W/YCL017C/YJR104C/YDR107C/YLR047C/YPR139C/YJR106W/YBR187W/YDR169C/YOL130W/YBR036C/YDR495C/YNL259C/YDR075W/YJL029C/YLL051C/YDR040C/YIL090W/YMR054W/YOR270C/YHR135C/YDL171C/YPR036W/YDR205W/YPL234C/YOR291W/YER020W/YOR087W/YJL059W",112
"GO:0055070","copper ion homeostasis","16/2722","20/6447",0.8,1.89478324761205,3.42574288868738,0.000646515695356705,0.0174478509651708,0.0148616621574265,"YMR021C/YJL077C/YER053C/YHR175W/YBR024W/YEL027W/YPR008W/YNL031C/YDR270W/YMR244C-A/YER113C/YLR083C/YBR010W/YGL166W/YJR104C/YDR107C",16
"GO:0009161","ribonucleoside monophosphate metabolic process","28/2722","41/6447",0.682926829268293,1.61749789430297,3.39047084857552,0.000647358428036371,0.0174478509651708,0.0148616621574265,"YAR015W/YDR399W/YMR120C/YLR359W/YJR105W/YMR271C/YKL181W/YML022W/YGR061C/YOL061W/YJR133W/YGL234W/YML035C/YOR128C/YLR028C/YNR012W/YKL216W/YNL220W/YLR420W/YDR408C/YNL141W/YBL068W/YHR216W/YDR441C/YER170W/YHL011C/YDR226W/YJL130C",28
"GO:1901137","carbohydrate derivative biosynthetic process","118/2722","223/6447",0.52914798206278,1.25327591490035,3.29031596585304,0.00068428444943714,0.0181549217991291,0.0154639281830038,"YAR015W/YKL165C/YDR399W/YOR067C/YMR120C/YLR020C/YCL005W-A/YKL201C/YJR061W/YLR359W/YML081C-A/YDR434W/YDR414C/YJR105W/YGR209C/YLR088W/YOR320C/YOR020W-A/YNR059W/YPL175W/YMR271C/YKL181W/YLR043C/YML022W/YOL077W-A/YGR061C/YOL061W/Q0085/YMR013C/YPL271W/YDL004W/YMR237W/YGL027C/YJR133W/YNL158W/YNL029C/YIL039W/YJR143C/YGL234W/YML035C/YBL020W/YCR044C/YGR036C/YLR057W/YGL142C/YPR106W/YJL139C/YJL183W/YML019W/YOR128C/YLR028C/YOR002W/YNR012W/YKL216W/YHL032C/YKR027W/YBL039C/YBR038W/YFL025C/YNL220W/YLR420W/YOR099W/YGL257C/YJL186W/YBR002C/YDR408C/YBL068W/YLR446W/YBR205W/YBR199W/YCL052C/YJL062W/YDL103C/YOR103C/YOR336W/YBR023C/YNL219C/YAL023C/YJR057W/YBL082C/YHR216W/YOL141W/YKR061W/YNL038W/YOR299W/YGR227W/YDR441C/YDR483W/YBL061C/YJL116C/Q0130/YOR085W/YKR043C/YER170W/YFL045C/YPL189W/YMR278W/YCR017C/YBR036C/YHL011C/YEL002C/YOR047C/YNL048W/YPL227C/YDR226W/YPL053C/YLL031C/YDL055C/YJL130C/YOR149C/YPL050C/YEL004W/YJL005W/YDR099W/YER003C/YDL093W/YJL002C/YNL192W",118
"GO:0006575","modified amino acid metabolic process","39/2722","62/6447",0.629032258064516,1.48984973098528,3.31286958959716,0.000781844818278594,0.0204241923298008,0.0173968385476079,"YHL021C/YMR169C/YLL060C/YPL273W/YDR135C/YER043C/YJL101C/YNL256W/YPR069C/YML042W/YBR029C/YBR281C/YBR084W/YGR209C/YGR204W/YKL218C/YLR299W/YBR176W/YKR080W/YCR068W/YOL049W/YBR263W/YHR063C/YNL191W/YBR034C/YOL052C/YKL184W/YMR289W/YGR154C/YLR146C/YOR241W/YGL125W/YOL058W/YDR018C/YMR020W/YMR170C/YML004C/YKR076W/YER183C",39
"GO:0033365","protein localization to organelle","231/2722","469/6447",0.492537313432836,1.16656431289548,3.20196437829242,0.000847795593178091,0.0218114684426727,0.0185784871615103,"YPL018W/YPL240C/YML128C/YFR022W/YNL336W/YDR358W/YDL022W/YPR030W/YER103W/YLL040C/YHL048W/YJR161C/YGR295C/YOR185C/YLR396C/YDR254W/YOR027W/YAR002C-A/YCR088W/YBR105C/YJR074W/YGR086C/YKL103C/YOR254C/YGL180W/YKL065C/YKL048C/YNR016C/YAL005C/YKL195W/YER009W/YOL027C/YOL126C/YEL027W/YPL063W/YFR003C/YDR414C/YJL076W/YGR066C/YOL032W/YDL028C/YNR017W/YGR130C/YLL006W/YGL016W/YGR048W/YAL007C/YJR042W/YGR206W/YER019C-A/YNR051C/YGR142W/YDR372C/YPL154C/YER154W/YNL216W/YLL042C/YHR152W/YMR218C/YOR164C/YGR028W/YHL002W/YJR072C/YPL196W/YDL063C/YBR170C/YKL057C/YDL072C/YJL164C/YNL070W/YKL002W/YBR230C/YOR045W/YOL031C/YDR329C/YMR035W/YOR208W/YOR020C/YLR099W-A/YMR047C/YOL044W/YBL078C/YDR108W/YKL122C/YBR106W/YKL134C/YNL121C/YJL041W/YDR086C/YDR092W/YOL051W/YJL084C/YJL143W/YFL062W/YJL110C/YGR113W/YPL045W/YLR347C/YMR308C/YBL075C/YDR110W/YAL028W/YPL112C/YIL115C/YER151C/YLR292C/YLR437C/YMR235C/YPL149W/YPL002C/YER017C/YPR024W/YCR075W-A/YGL005C/YDR200C/YGL223C/YGR062C/YBR107C/YDR395W/YDL116W/YLR335W/YBR128C/YGL241W/YBR097W/YNL055C/YAL010C/YNR065C/YEL020W-A/YBR290W/YDL126C/YFL025C/YGR239C/YJL053W/YOR233W/YBR288C/YFR002W/YOL026C/YJL004C/YHR005C-A/YKL193C/YLR293C/YDR214W/YGL212W/YNL131W/YJL054W/YMR203W/YDR002W/YDL018C/YGL200C/YBR185C/YGL097W/YHR024C/YAL024C/YPL250C/YPR185W/YDR192C/YNR006W/YCR086W/YML071C/YOR007C/YDR292C/YDL192W/YDL139C/YDR244W/YDL217C/YPL085W/YAL001C/YML103C/YPR139C/YDR161W/YNL329C/YDR265W/YNL051W/YER157W/YAR002W/YKL219W/YDR003W/YGL073W/YMR264W/YDR495C/YKR082W/YHR108W/YDR356W/YGL153W/YPR133W-A/YMR185W/YKL124W/YPL125W/YGR098C/YCL029C/YOR230W/YOR016C/YMR153W/YNL041C/YIL090W/YBL040C/YBR109C/YKL101W/YKR016W/YJL036W/YNL298W/YOR270C/YMR001C/YGL087C/YBL045C/YLR392C/YLR008C/YDR080W/YFL038C/YGR198W/YOR014W/YOR297C/YIL144W/YML121W/YPR174C/YOR089C/YJL154C/YGL045W/YOR036W/YPL120W/YNL064C/YJR135W-A/YER104W/YGL238W/YKR001C/YPR158W/YFR021W/YML052W/YJL178C/YDL100C/YPL195W",231
"GO:0170041","non-proteinogenic amino acid metabolic process","25/2722","36/6447",0.694444444444444,1.64477712466324,3.3160727945927,0.000860670780116581,0.0218122236513128,0.0185791304301678,"YMR169C/YPL273W/YEL066W/YER043C/YJL088W/YHR112C/YJL071W/YNL239W/YGR019W/YFR055W/YHR018C/YLR438W/YIR023W/YGL184C/YLR303W/YGL196W/YPL111W/YOL058W/YGR155W/YDL219W/YBL098W/YMR170C/YHR137W/YDR428C/YBR006W",25
"GO:0009127","purine nucleoside monophosphate biosynthetic process","17/2722","22/6447",0.772727272727273,1.83018836417073,3.33409130517355,0.000887590906897028,0.021842454491466,0.018604880336789,"YAR015W/YDR399W/YMR120C/YLR359W/YJR105W/YML022W/YGR061C/YJR133W/YGL234W/YML035C/YOR128C/YLR028C/YNL220W/YDR408C/YNL141W/YHR216W/YDR441C",17
"GO:0009168","purine ribonucleoside monophosphate biosynthetic process","17/2722","22/6447",0.772727272727273,1.83018836417073,3.33409130517355,0.000887590906897028,0.021842454491466,0.018604880336789,"YAR015W/YDR399W/YMR120C/YLR359W/YJR105W/YML022W/YGR061C/YJR133W/YGL234W/YML035C/YOR128C/YLR028C/YNL220W/YDR408C/YNL141W/YHR216W/YDR441C",17
"GO:0009150","purine ribonucleotide metabolic process","48/2722","80/6447",0.6,1.42108743570904,3.23948463415933,0.000956098152004563,0.022770739176771,0.019395571030242,"YCR012W/YJL052W/YAL038W/YHR174W/YAR015W/YGL253W/YDR399W/YMR120C/YGR254W/YKL060C/YLR359W/YML081C-A/YJR105W/YOR393W/YFR053C/YOR020W-A/YKL152C/YOL136C/YML022W/YNL216W/YOL077W-A/YGR061C/Q0085/YPL271W/YDL004W/YJR133W/YGL234W/YNL199C/YML035C/YLR345W/YOR128C/YLR028C/YOL056W/YNL220W/YDR408C/YLR446W/YBR127C/YHR216W/YOR163W/YDR441C/YJL116C/YOR344C/Q0130/YER170W/YDR226W/YPL075W/YJL005W/YMR323W",48
"GO:0009156","ribonucleoside monophosphate biosynthetic process","26/2722","38/6447",0.68421052631579,1.62053830387873,3.2793768707621,0.000965543710675803,0.022770739176771,0.019395571030242,"YAR015W/YDR399W/YMR120C/YLR359W/YJR105W/YMR271C/YKL181W/YML022W/YGR061C/YOL061W/YJR133W/YGL234W/YML035C/YOR128C/YLR028C/YNR012W/YKL216W/YNL220W/YLR420W/YDR408C/YNL141W/YBL068W/YHR216W/YDR441C/YHL011C/YJL130C",26
"GO:0051651","maintenance of location in cell","26/2722","38/6447",0.68421052631579,1.62053830387873,3.2793768707621,0.000965543710675803,0.022770739176771,0.019395571030242,"YLL040C/YAR002C-A/YDR414C/YAL007C/YNR051C/YDR372C/YPL196W/YKL002W/YOR208W/YJL110C/YER151C/YBR097W/YFL025C/YJL053W/YML104C/YKL193C/YDL018C/YDR150W/YGL200C/YNR006W/YBR036C/YOR230W/YOR016C/YBL040C/YJL154C/YKR001C",26
"GO:0090407","organophosphate biosynthetic process","143/2722","279/6447",0.512544802867383,1.21395163265467,3.12299721190143,0.00116734193488295,0.0271526932250857,0.0231280146867942,"YAR015W/YKL165C/YDR400W/YNR043W/YGR157W/YOR298W/YFL060C/YNL130C/YDR399W/YER043C/YNL334C/YHR123W/YMR120C/YBR221C/YHR046C/YGR202C/YGL037C/YDR477W/YKR067W/YNR016C/YJL100W/YBR029C/YLR359W/YNL169C/YML081C-A/YDR434W/YMR096W/YOL032W/YDR123C/YJR105W/YGL126W/YGR209C/YGR204W/YKR070W/YLR088W/YDR173C/YMR165C/YOR020W-A/YOR209C/YLR153C/YPL175W/YMR271C/YKL181W/YLR014C/YLR043C/YML022W/YHL020C/YMR208W/YOL077W-A/YLR133W/YGR061C/YOR143C/YOL061W/Q0085/YBL011W/YMR013C/YPL271W/YDL004W/YJR133W/YGL059W/YEL029C/YAL009W/YNL158W/YKR080W/YLR193C/YML126C/YIL039W/YMR079W/YOR054C/YJR156C/YGL234W/YML035C/YBR042C/YLR347C/YJL167W/YDR096W/YCR044C/YGL142C/YPR106W/YIL042C/YOR128C/YLR028C/YJR049C/YNR012W/YKL216W/YHL032C/YBL039C/YFL025C/YNL220W/YLR420W/YDR408C/YNL141W/YBL068W/YLR446W/YDR315C/YDR196C/YGR010W/YDL045C/YCL052C/YJL062W/YLR168C/YDL103C/YDL166C/YDR531W/YIL083C/YKR072C/YJR057W/YHR216W/YNL038W/YDR441C/YJL116C/YIL124W/Q0130/YKR043C/YER170W/YGR149W/YFL045C/YPL189W/YCR017C/YJL153C/YHL011C/YDR018C/YGR046W/YBL098W/YDR226W/YOL055C/YBR109C/YBL060W/YFL059W/YLL031C/YDL055C/YHR074W/YDR208W/YJL130C/YJR025C/YOR149C/YJL005W/YOR311C/YDR428C/YPL120W/YPR140W/YER003C/YEL041W",143
"GO:1902047","polyamine transmembrane transport","10/2722","11/6447",0.909090909090909,2.15316278137733,3.27193761349246,0.00121009084299474,0.0277666790730416,0.0236509931475786,"YHL016C/YKR039W/YPL274W/YKL174C/YGR138C/YLL028W/YOR273C/YNR055C/YBR132C/YPR156C",10
"GO:0006401","RNA catabolic process","93/2722","173/6447",0.53757225433526,1.27322862736937,3.11388856895562,0.00127915501125681,0.0289600694548543,0.0246674945328683,"YLR270W/YKL204W/YGL222C/YOR173W/YDL007W/YGL173C/YLR136C/YPL190C/YOL123W/YLL013C/YMR116C/YLR192C/YER035W/YER049W/YDL165W/YGR048W/YMR125W/YGL246C/YIR033W/YPL184C/YBR170C/YLR363C/YGR122W/YJL208C/YOR166C/YAL021C/YOL142W/YJR119C/YNL157W/YPL042C/YKR084C/YMR080C/YDR370C/YKL023W/YNL118C/YGL048C/YDR490C/YER146W/YOL139C/YOL115W/YOL072W/YJL087C/YNL147W/YIL161W/YDL126C/YPL029W/YDR315C/YPR111W/YLR264W/YGL178W/YGL213C/YAL033W/YNL178W/YLR154C/YHR069C/YBR257W/YDL102W/YPL199C/YNL023C/YDR159W/YDL175C/YML118W/YIL151C/YGR195W/YGL014W/YMR287C/YDR206W/YOL100W/YNL016W/YBL032W/YJL140W/YGR158C/YLR145W/YGL107C/YNL197C/YKL208W/YJR014W/YER176W/YLR427W/YNL001W/YMR234W/YPR072W/YGL094C/YLR233C/YOR001W/YFL038C/YJL047C/YOR048C/YER068W/YGR072W/YGR030C/YBR212W/YCR077C",93
"GO:1901605","alpha-amino acid metabolic process","89/2722","165/6447",0.539393939393939,1.27754325028388,3.08709325259789,0.00140485572531334,0.0310098424099907,0.0264134421122852,"YMR009W/YMR250W/YKR069W/YPL273W/YKL001C/YPR167C/YEL066W/YER043C/YJL088W/YNL103W/YPR118W/YIR017C/YHR112C/YJL071W/YKL106W/YNL277W/YNL239W/YCL064C/YOR375C/YPR060C/YIL051C/YJR024C/YGR204W/YDR380W/YFR055W/YDR173C/YLR351C/YHR018C/YLR134W/YHR033W/YPR035W/YLR438W/YER081W/YMR189W/YLR142W/YPR145W/YMR110C/YHR037W/YCL018W/YBR263W/YJR109C/YEL046C/YGR208W/YIL020C/YDR421W/YOR184W/YGL184C/YBR166C/YLR303W/YIL094C/YGL196W/YKL184W/YER090W/YDR234W/YDR354W/YOR130C/YDR019C/YCL009C/YLR355C/YAL044C/YPL111W/YDR321W/YEL038W/YER086W/YGL125W/YOL058W/YGR155W/YDL219W/YLL062C/YBL098W/YJL200C/YML096W/YFL018C/YDR148C/YDR300C/YOR108W/YKL015W/YDL171C/YDL131W/YBR248C/YHR137W/YJL130C/YJR025C/YNL010W/YOR202W/YDR428C/YMR108W/YMR043W/YBR006W",89
"GO:0006696","ergosterol biosynthetic process","24/2722","35/6447",0.685714285714286,1.62409992652461,3.16459013023405,0.00144274296253785,0.0310098424099907,0.0264134421122852,"YGR060W/YLR056W/YNR043W/YMR015C/YHR007C/YMR202W/YHR072W/YLR100W/YPL028W/YMR208W/YGL001C/YML126C/YNL280C/YJL167W/YML075C/YGR175C/YER044C/YMR070W/YMR134W/YML008C/YKL150W/YHR042W/YML087C/YLR450W",24
"GO:0016129","phytosteroid biosynthetic process","24/2722","35/6447",0.685714285714286,1.62409992652461,3.16459013023405,0.00144274296253785,0.0310098424099907,0.0264134421122852,"YGR060W/YLR056W/YNR043W/YMR015C/YHR007C/YMR202W/YHR072W/YLR100W/YPL028W/YMR208W/YGL001C/YML126C/YNL280C/YJL167W/YML075C/YGR175C/YER044C/YMR070W/YMR134W/YML008C/YKL150W/YHR042W/YML087C/YLR450W",24
"GO:0032507","maintenance of protein location in cell","24/2722","35/6447",0.685714285714286,1.62409992652461,3.16459013023405,0.00144274296253785,0.0310098424099907,0.0264134421122852,"YLL040C/YAR002C-A/YDR414C/YAL007C/YNR051C/YDR372C/YPL196W/YKL002W/YOR208W/YJL110C/YER151C/YBR097W/YFL025C/YJL053W/YKL193C/YDL018C/YDR150W/YGL200C/YNR006W/YOR230W/YOR016C/YBL040C/YJL154C/YKR001C",24
"GO:0170040","proteinogenic amino acid catabolic process","25/2722","37/6447",0.675675675675676,1.60032368886153,3.13028154489803,0.00159554712460539,0.0333571242859436,0.0284128006750273,"YMR250W/YKL106W/YCL064C/YDR380W/YFR055W/YLR134W/YLR438W/YMR189W/YLR142W/YHR037W/YEL046C/YDR421W/YDR019C/YAL044C/YPL111W/YDR321W/YER086W/YBL098W/YFL018C/YDR148C/YKL015W/YJR025C/YDR428C/YMR043W/YBR006W",25
"GO:1902653","secondary alcohol biosynthetic process","25/2722","37/6447",0.675675675675676,1.60032368886153,3.13028154489803,0.00159554712460539,0.0333571242859436,0.0284128006750273,"YGR060W/YLR056W/YNR043W/YMR015C/YAL060W/YHR007C/YMR202W/YHR072W/YLR100W/YPL028W/YMR208W/YGL001C/YML126C/YNL280C/YJL167W/YML075C/YGR175C/YER044C/YMR070W/YMR134W/YML008C/YKL150W/YHR042W/YML087C/YLR450W",25
"GO:0048878","chemical homeostasis","125/2722","242/6447",0.516528925619835,1.22338794396439,3.02776799180255,0.00161707050425145,0.0333571242859436,0.0284128006750273,"YMR105C/YMR058W/YBR050C/YGL253W/YDR492W/YER037W/YMR021C/YJL077C/YHL040C/YLR023C/YER053C/YFL050C/YML006C/YOR226C/YGL006W/YNL142W/YLR136C/YJR059W/YHR175W/YMR116C/YJL165C/YCL005W-A/YPL202C/YKL064W/YBR024W/YLR205C/YLR034C/YOL027C/YEL027W/YFR003C/YNR002C/YGL126W/YGR257C/YOR153W/YFR053C/YHR050W/YPR008W/YOR020W-A/YOR332W/YNL031C/YPL224C/YEL065W/YOL002C/YIR033W/YGR142W/YML057W/YOR079C/YLR447C/YOR381W/YOR267C/YDR506C/YKL134C/YDR202C/YDR011W/YMR243C/YJL084C/YAL056W/YOR054C/YLR126C/YJL110C/YAL053W/YCR044C/YBR295W/YDR270W/YDR508C/YGL008C/YCL058C/YML072C/YDR384C/YJR049C/YMR244C-A/YDR376W/YPR138C/YGR169C-A/YEL031W/YLR253W/YPL203W/YLR446W/YHR039C-A/YER113C/YPL135W/YPL109C/YLR083C/YMR134W/YBR010W/YKL190W/YBR127C/YOR384W/YLR214W/YIL023C/YHR060W/YHR026W/YGL166W/YCL017C/YJR104C/YDR107C/YLR047C/YAL048C/YPR139C/YJR106W/YOR059C/YBR187W/YDR169C/YOL130W/YBR036C/YDR495C/YNL259C/YDR075W/YJL029C/YLL051C/YDR040C/YOR086C/YIL090W/YMR054W/YOR270C/YHR135C/YDL171C/YPR036W/YDR205W/YPL234C/YOR291W/YER020W/YOR087W/YJL059W/YHR209W",125
"GO:0016125","sterol metabolic process","34/2722","54/6447",0.62962962962963,1.491264593028,3.09874660869149,0.00163546745964812,0.0333571242859436,0.0284128006750273,"YGR060W/YLR056W/YNR043W/YMR015C/YHR007C/YMR202W/YLR020C/YNL111C/YHR072W/YLR100W/YPL028W/YMR208W/YGL001C/YML126C/YLL012W/YNL280C/YJL167W/YML075C/YGR175C/YHR001W/YER044C/YMR070W/YOL151W/YMR134W/YDR531W/YML008C/YKL140W/YKL150W/YHR042W/YLR189C/YML087C/YLR450W/YHR133C/YNR019W",34
"GO:0051156","glucose 6-phosphate metabolic process","16/2722","21/6447",0.761904761904762,1.80455547391624,3.15661309053204,0.00165017575972866,0.0333571242859436,0.0284128006750273,"YBR117C/YGR043C/YMR105C/YGR248W/YGL253W/YHR183W/YFR053C/YPR074C/YNR034W/YGR256W/YCR073W-A/YHR163W/YLR446W/YOR095C/YLR354C/YKL127W",16
"GO:0008202","steroid metabolic process","35/2722","56/6447",0.625,1.48029941219691,3.0856575959773,0.00169355136388323,0.0338311790102791,0.0288165891514001,"YGR060W/YLR056W/YNR043W/YMR015C/YHR007C/YMR202W/YLR020C/YNL111C/YHR072W/YLR100W/YPL028W/YMR208W/YGL001C/YML126C/YLL012W/YNL280C/YJL167W/YML075C/YGR175C/YHR001W/YER044C/YMR070W/YOL151W/YMR134W/YDR531W/YML008C/YKL140W/YKL150W/YHR042W/YLR189C/YIR007W/YML087C/YLR450W/YHR133C/YNR019W",35
"GO:0072330","monocarboxylic acid biosynthetic process","36/2722","58/6447",0.620689655172414,1.47009045073349,3.07400843143249,0.00174591118754367,0.0344715953075483,0.0293620804367809,"YEL071W/YMR169C/YGL055W/YPL280W/YKL182W/YDL110C/YBR112C/YER073W/YPR069C/YPL231W/YBR159W/YNR016C/YDL015C/YJL196C/YBR177C/YOR374W/YIR033W/YLR372W/YBR176W/YPR067W/YBR026C/YPL148C/YHR063C/YOR196C/YMR210W/YOL052C/YHR067W/YLL027W/YKL055C/YKL184W/YLR146C/YGR037C/YGR286C/YCR034W/YMR020W/YMR170C",36
"GO:0006811","monoatomic ion transport","121/2722","234/6447",0.517094017094017,1.2247263512877,2.99321094717366,0.00181233422012238,0.0353717644341127,0.0301288229697296,"YLR092W/YDR343C/YBR294W/YHL008C/YMR058W/YNL052W/YDR342C/Q0105/YDR135C/YHL040C/YER053C/YFL050C/YER145C/YGL006W/Q0045/YLR136C/Q0250/YGL187C/YOR065W/YHR051W/YHR175W/YLR443W/YCL005W-A/YEL024W/YKL064W/YFR040W/YLR034C/YPR191W/YOL027C/YDR276C/YML081C-A/YEL027W/YNR002C/YBR298C/YIL111W/YHR050W/YDR529C/YIL114C/YOR332W/YKR052C/YPL224C/YEL065W/YOR390W/YOL077W-A/YPL196W/Q0085/YPR201W/YOR079C/YPL271W/YDL004W/YLR447C/YOR381W/YML030W/YDR506C/YFR033C/YNL305C/YMR243C/YNL291C/YLL015W/YPR128C/YDL245C/YHR094C/YBR295W/Q0275/YDR270W/YLL009C/YHR092C/YBR192W/YGL008C/YDR534C/YMR034C/YDR384C/YNL055C/YBR290W/YEL031W/YJL166W/YHR039C-A/YOR211C/YER113C/YPL279C/YBR086C/YLR241W/YLR083C/YMR203W/YBR127C/YDR536W/YOR384W/YLR214W/YIL023C/YOR334W/YHR026W/YNR055C/Q0130/YDR107C/YLR047C/YAL048C/YJR106W/YGR217W/YBR187W/YNR072W/YOL130W/YBR036C/YCR023C/YNL259C/YLL051C/YDR040C/YOL084W/YMR054W/YOR270C/YPR036W/YBL045C/YLR038C/YDL247W/YDR205W/YPL234C/YOR291W/YLL048C/YIL121W/YMR056C/YDL183C/YOR087W",121
"GO:0015718","monocarboxylic acid transport","21/2722","30/6447",0.7,1.65793534166054,3.08747817129648,0.00191705747281746,0.035464260658334,0.0302076090413185,"YJR152W/YMR246W/YOR317W/YKL120W/YOR049C/YNR002C/YCR028C/YAL067C/YGR243W/YJL193W/YBR041W/YOL147C/YMR034C/YDR384C/YGR065C/YNL065W/YKL187C/YIL006W/YKR013W/YJL078C/YLL048C",21
"GO:0034504","protein localization to nucleus","55/2722","96/6447",0.572916666666667,1.35694112784717,3.01187694571436,0.00194116719658678,0.035464260658334,0.0302076090413185,"YOR185C/YJR074W/YNR016C/YAL005C/YER009W/YFR003C/YJL076W/YOL032W/YGL016W/YGR048W/YJR042W/YGR142W/YHR152W/YJR072C/YDL063C/YBR170C/YKL057C/YJL164C/YOR208W/YMR047C/YJL041W/YJL110C/YLR347C/YMR308C/YIL115C/YLR437C/YMR235C/YDR395W/YDL116W/YLR335W/YGL241W/YNL055C/YDL126C/YFR002W/YKL193C/YLR293C/YDR214W/YDR002W/YGL097W/YDR192C/YML103C/YAR002W/YKR082W/YMR185W/YPL125W/YGR098C/YOR230W/YMR153W/YIL090W/YBR109C/YNL298W/YMR001C/YER104W/YGL238W/YPR158W",55
"GO:0006164","purine nucleotide biosynthetic process","42/2722","70/6447",0.6,1.42108743570904,3.02788354107387,0.00195066566462712,0.035464260658334,0.0302076090413185,"YAR015W/YDR400W/YDR399W/YMR120C/YLR359W/YML081C-A/YJR105W/YGR204W/YOR020W-A/YOR209C/YKL181W/YML022W/YOL077W-A/YGR061C/YOL061W/Q0085/YPL271W/YDL004W/YJR133W/YKR080W/YGL234W/YML035C/YOR128C/YLR028C/YJR049C/YNL220W/YDR408C/YBL068W/YGR010W/YHR216W/YDR441C/YJL116C/Q0130/YER170W/YHL011C/YBL098W/YDR226W/YHR074W/YJR025C/YJL005W/YDR428C/YEL041W",42
"GO:0033750","ribosome localization","42/2722","70/6447",0.6,1.42108743570904,3.02788354107387,0.00195066566462712,0.035464260658334,0.0302076090413185,"YOR185C/YGL135W/YLR048W/YDL229W/YML026C/YNL209W/YGR285C/YGR214W/YIL148W/YJR042W/YDR091C/YKL057C/YPL220W/YBR230C/YMR047C/YJL041W/YPL169C/YDR101C/YPL093W/YIL115C/YMR235C/YNL302C/YGL123W/YNR053C/YLR264W/YLR074C/YFR002W/YJR123W/YLR293C/YNL178W/YIR026C/YPR016C/YGL097W/YAL059W/YDR361C/YJL010C/YGR081C/YOL040C/YER036C/YOL121C/YDR450W/YNL227C",42
"GO:0006066","alcohol metabolic process","73/2722","133/6447",0.548872180451128,1.29999226574887,2.98820000600107,0.00198647284651857,0.035464260658334,0.0302076090413185,"YCR105W/YEL070W/YGR060W/YLR056W/YNR043W/YFL053W/YMR015C/YAL060W/YHR007C/YER073W/YMR303C/YMR296C/YMR202W/YHR046C/YJR159W/YDR477W/YHR072W/YOL032W/YOR374W/YLR100W/YDR380W/YDR173C/YER062C/YPL028W/YLR134W/YMR208W/YOR143C/YBR240C/YGL001C/YML126C/YJR156C/YNL280C/YJL167W/YLR174W/YOR171C/YDL080C/YMR083W/YML075C/YNR073C/YHL032C/YDR062W/YGR175C/YER044C/YBR002C/YOL059W/YDR315C/YMR070W/YPL103C/YOL151W/YMR134W/YPL180W/YJL054W/YDR531W/YML008C/YDL168W/YDR216W/YNL032W/YMR318C/YOR163W/YPL201C/YDR368W/YJL153C/YCR020C/YKL150W/YOL055C/YBR145W/YMR226C/YHR042W/YMR145C/YFL059W/YML087C/YLR450W/YNR019W",73
"GO:0005996","monosaccharide metabolic process","51/2722","88/6447",0.579545454545455,1.37264127312805,3.00859653520135,0.00199031224917255,0.035464260658334,0.0302076090413185,"YMR105C/YNR071C/YCR012W/YJL052W/YMR280C/YIL107C/YGL253W/YJL089W/YJL155C/YBR218C/YBR105C/YDR255C/YHR104W/YJR030C/YJR159W/YDR477W/YKL060C/YKR097W/YOL126C/YGR066C/YLR377C/YFR053C/YKL152C/YOL136C/YLR134W/YDR511W/YCL039W/YGL059W/YML051W/YIL042C/YLR345W/YNL249C/YDL189W/YLR446W/YOR095C/YGR194C/YIL017C/YJR096W/YDR368W/YKL127W/YFL045C/YMR278W/YPL133C/YHR210C/YOR047C/YBR145W/YMR145C/YDR109C/YPL248C/YDR009W/YBR058C",51
"GO:0141188","nucleic acid catabolic process","94/2722","177/6447",0.531073446327684,1.25783633669161,2.9731926970402,0.00200002973374113,0.035464260658334,0.0302076090413185,"YLR270W/YKL204W/YGL222C/YOR173W/YDL007W/YGL173C/YLR136C/YPL190C/YOL123W/YLL013C/YMR116C/YLR192C/YER035W/YER049W/YDL165W/YGR048W/YMR125W/YGL246C/YIR033W/YPL184C/YBR170C/YLR363C/YGR122W/YJL208C/YOR166C/YAL021C/YOL142W/YJR119C/YNL157W/YPL042C/YKR084C/YMR080C/YDR370C/YKL023W/YNL118C/YGL048C/YDR490C/YER146W/YOL139C/YOL115W/YOL072W/YJL087C/YNL147W/YIL161W/YDL126C/YPL029W/YDR315C/YPR111W/YLR264W/YGL178W/YGL213C/YAL033W/YNL178W/YLR154C/YHR069C/YBR257W/YDL102W/YPL199C/YNL023C/YDR159W/YBL055C/YDL175C/YML118W/YIL151C/YGR195W/YGL014W/YMR287C/YDR206W/YOL100W/YNL016W/YBL032W/YJL140W/YGR158C/YLR145W/YGL107C/YNL197C/YKL208W/YJR014W/YER176W/YLR427W/YNL001W/YMR234W/YPR072W/YGL094C/YLR233C/YOR001W/YFL038C/YJL047C/YOR048C/YER068W/YGR072W/YGR030C/YBR212W/YCR077C",94
"GO:0006694","steroid biosynthetic process","28/2722","43/6447",0.651162790697674,1.54226543410283,3.04962585185191,0.00200355035025461,0.035464260658334,0.0302076090413185,"YGR060W/YLR056W/YNR043W/YMR015C/YHR007C/YMR202W/YNL111C/YHR072W/YLR100W/YPL028W/YMR208W/YGL001C/YML126C/YNL280C/YJL167W/YML075C/YGR175C/YER044C/YMR070W/YOL151W/YMR134W/YML008C/YKL150W/YHR042W/YLR189C/YML087C/YLR450W/YHR133C",28
"GO:0065008","regulation of biological quality","124/2722","241/6447",0.514522821576763,1.21863652854717,2.95700072679005,0.00202410571354429,0.035464260658334,0.0302076090413185,"YLR270W/YCR091W/YPL240C/YGL253W/YDR258C/YKL204W/YDL223C/YGL222C/YOR181W/YOR173W/YJL102W/YAR014C/YGL173C/YPR149W/YPR194C/YMR186W/YER098W/YCR088W/YNL271C/YJR059W/YOR049C/YLL013C/YMR116C/YDL229W/YKR098C/YNL138W/YCL005W-A/YAL026C/YER035W/YDR276C/YER049W/YNL209W/YHR071W/YEL027W/YPL063W/YGR285C/YDL165W/YBL007C/YHR114W/YDR173C/YOR124C/YCR061W/YGL016W/YGR197C/YOR332W/YHR064C/YIR033W/YOR335C/YPL184C/YIR003W/YPL055C/YLR447C/YHR020W/YAL021C/YLR193C/YGL169W/YKL134C/YDR202C/YJL084C/YNL157W/YPL042C/YBR108W/YMR092C/YIL048W/YBL020W/YBL076C/YER151C/YNL118C/YDR490C/YNL186W/YGL008C/YGL123W/YOL115W/YMR034C/YNL055C/YNL248C/YNL244C/YLR264W/YER118C/YHR039C-A/YJR123W/YGL178W/YIL110W/YGR118W/YMR162C/YOR083W/YBR127C/YHR060W/YHR026W/YJR104C/YGR111W/YGL014W/YOL100W/YNL016W/YBL032W/YNL180C/YJL140W/YHR034C/YNL323W/YMR304W/YIL062C/YDL219W/YDR495C/YGL107C/YNL197C/YKL208W/YJL055W/YPL160W/YPR072W/YGL094C/YMR054W/YOR270C/YPR036W/YOR001W/YHR206W/YPL234C/YKL053C-A/YBR058C/YKL126W/YBR212W/YNL227C/YCR077C/YER020W/YJL059W",124
"GO:1901293","nucleoside phosphate biosynthetic process","72/2722","131/6447",0.549618320610687,1.30175948309225,2.98264514329884,0.00202593244043486,0.035464260658334,0.0302076090413185,"YAR015W/YDR400W/YDR399W/YMR120C/YBR221C/YGL037C/YNR016C/YLR359W/YML081C-A/YJR105W/YGR209C/YGR204W/YOR020W-A/YOR209C/YLR153C/YMR271C/YKL181W/YLR014C/YLR043C/YML022W/YOL077W-A/YGR061C/YOL061W/Q0085/YPL271W/YDL004W/YJR133W/YGL059W/YKR080W/YOR054C/YGL234W/YML035C/YPR106W/YIL042C/YOR128C/YLR028C/YJR049C/YNR012W/YKL216W/YBL039C/YNL220W/YLR420W/YDR408C/YNL141W/YBL068W/YLR446W/YDR196C/YGR010W/YDL045C/YDL103C/YDL166C/YDR531W/YIL083C/YKR072C/YJR057W/YHR216W/YDR441C/YJL116C/Q0130/YER170W/YFL045C/YHL011C/YBL098W/YDR226W/YDL055C/YHR074W/YJL130C/YJR025C/YJL005W/YDR428C/YER003C/YEL041W",72
"GO:0010629","negative regulation of gene expression","153/2722","304/6447",0.50328947368421,1.19203057929541,2.93185844942088,0.00213324817835239,0.0369617898657383,0.0314831686042554,"YLR270W/YKL204W/YGL222C/YAR003W/YOR173W/YDL070W/YHL034C/YNL069C/YGL173C/YLR136C/YDR432W/YIL133C/YPL190C/YOL123W/YOR290C/YLL013C/YMR116C/YLR399C/YGL037C/YDR477W/YLR192C/YDL197C/YMR247C/YER035W/YER049W/YJL076W/YDL165W/YGL133W/YOR209C/YOR213C/YMR125W/YGL246C/YER088C/YIR033W/YNL216W/YPL184C/YKL057C/YLR363C/YLR285W/YGR122W/YOR166C/YAL021C/YOL142W/YJR119C/YML129C/YLR274W/YAL019W/YNL157W/YPL042C/YOL090W/YKR084C/YMR080C/YDR370C/YDR110W/YKL023W/YOL045W/YMR273C/YNL118C/YMR235C/YDR490C/YHR118C/YNL186W/YER146W/YOL006C/YOR144C/YOL139C/YOL115W/YMR307W/YOR276W/YDL116W/YOL072W/YLR335W/YJL087C/YNL147W/YDR363W/YPL015C/YPL216W/YBL003C/YPL203W/YBR175W/YDR315C/YGL030W/YNL261W/YPR111W/YLR264W/YFR038W/YGL178W/YGL213C/YAL033W/YPR129W/YBR088C/YLR223C/YJL127C/YJR017C/YHR069C/YBR257W/YDR121W/YKL112W/YOR244W/YPL199C/YDR159W/YDL175C/YNL091W/YOL068C/YMR127C/YIL151C/YPL181W/YGR195W/YGL014W/YMR287C/YDR206W/YOL100W/YMR219W/YNL016W/YBL032W/YJL140W/YOR304W/YGR158C/YLR107W/YLR145W/YAR002W/YBR202W/YIL126W/YKR082W/YGL107C/YNL197C/YKL208W/YJR014W/YDR227W/YER176W/YLR288C/YOR230W/YEL032W/YNL001W/YPR072W/YGL094C/YNL298W/YLR233C/YDR464W/YOR001W/YIL084C/YJL047C/YBR279W/YML121W/YOR048C/YER068W/YGR072W/YGR030C/YER104W/YBR212W/YKL166C/YCR077C/YHL007C",153
"GO:0170039","proteinogenic amino acid metabolic process","81/2722","150/6447",0.54,1.27897869213813,2.95512522665947,0.00216477198882692,0.0370935409881759,0.031595391059298,"YMR009W/YMR250W/YKR069W/YPL273W/YKL001C/YPR167C/YJL088W/YNL103W/YPR118W/YIR017C/YJL071W/YKL106W/YNL277W/YCL064C/YOR375C/YPR060C/YJR024C/YGR204W/YDR380W/YFR055W/YLR351C/YHR018C/YLR134W/YHR033W/YPR035W/YLR438W/YER081W/YMR189W/YLR142W/YPR145W/YMR110C/YHR037W/YCL018W/YBR263W/YJR109C/YEL046C/YGR208W/YIL020C/YDR421W/YOR184W/YGL184C/YBR166C/YLR303W/YIL094C/YKL184W/YER090W/YDR234W/YDR354W/YOR130C/YDR019C/YCL009C/YLR355C/YAL044C/YPL111W/YDR321W/YEL038W/YER086W/YGL125W/YOL058W/YGR155W/YLL062C/YBL098W/YJL200C/YML096W/YFL018C/YDR148C/YDR300C/YOR108W/YKL015W/YDL171C/YDL131W/YBR248C/YHR137W/YJL130C/YJR025C/YNL010W/YOR202W/YDR428C/YMR108W/YMR043W/YBR006W",81
"GO:0006098","pentose-phosphate shunt","11/2722","13/6447",0.846153846153846,2.00409766574351,3.09765593477633,0.00221399550543865,0.0370935409881759,0.031595391059298,"YBR117C/YGR043C/YGR248W/YHR183W/YPR074C/YNR034W/YGR256W/YCR073W-A/YHR163W/YOR095C/YLR354C",11
"GO:0006090","pyruvate metabolic process","30/2722","47/6447",0.638297872340426,1.51179514437132,3.01010174619023,0.00222823391095049,0.0370935409881759,0.031595391059298,"YCR012W/YJL052W/YAL038W/YHR174W/YGL253W/YBR218C/YBR221C/YGR254W/YKL060C/YOR374W/YOR393W/YFR055W/YFR053C/YLR153C/YKL152C/YOL136C/YLR134W/YNL216W/YGL059W/YNL199C/YIL042C/YLR345W/YOL056W/YLR446W/YKL029C/YOR344C/YPL017C/YFL018C/YPL075W/YMR323W",30
"GO:0072523","purine-containing compound catabolic process","30/2722","47/6447",0.638297872340426,1.51179514437132,3.01010174619023,0.00222823391095049,0.0370935409881759,0.031595391059298,"YCR012W/YJL052W/YAL038W/YHR174W/YGL253W/YDR400W/YER043C/YGR254W/YKL060C/YGL126W/YOR393W/YFR053C/YKL152C/YOL136C/YNL216W/YNL199C/YLR345W/YOL056W/YNL141W/YLR446W/YDL238C/YIR027C/YGL067W/YOR163W/YOR344C/YMR278W/YHR202W/YPL075W/YMR323W/YNR001C",30
"GO:1902652","secondary alcohol metabolic process","31/2722","49/6447",0.63265306122449,1.4984255274483,2.99365860216665,0.00232598814248574,0.0381422652750118,0.0324886693248194,"YGR060W/YLR056W/YNR043W/YMR015C/YAL060W/YHR007C/YMR202W/YHR072W/YLR100W/YPL028W/YMR208W/YGL001C/YML126C/YNL280C/YJL167W/YLR174W/YML075C/YGR175C/YER044C/YMR070W/YOL151W/YMR134W/YDR531W/YML008C/YDR368W/YKL150W/YMR226C/YHR042W/YML087C/YLR450W/YNR019W",31
"GO:0006878","intracellular copper ion homeostasis","14/2722","18/6447",0.777777777777778,1.84215037962283,3.05830124067168,0.00235862064421451,0.0381422652750118,0.0324886693248194,"YMR021C/YER053C/YHR175W/YBR024W/YEL027W/YPR008W/YNL031C/YMR244C-A/YER113C/YLR083C/YBR010W/YGL166W/YJR104C/YDR107C",14
"GO:1902475","L-alpha-amino acid transmembrane transport","14/2722","18/6447",0.777777777777778,1.84215037962283,3.05830124067168,0.00235862064421451,0.0381422652750118,0.0324886693248194,"YPR058W/YNL101W/YEL064C/YPR021C/YEL063C/YER119C/YBR104W/YKR105C/YIL088C/YPL134C/YOR130C/YOR222W/YGR055W/YJL059W",14
"GO:0009123","nucleoside monophosphate metabolic process","32/2722","51/6447",0.627450980392157,1.48610450793102,2.97911028979608,0.0024142006793179,0.0386727618252999,0.0329405335986375,"YAR015W/YDR399W/YMR120C/YGL101W/YLR359W/YJR105W/YMR271C/YKL181W/YML022W/YGR061C/YOL061W/YJR133W/YGL234W/YML035C/YOR128C/YLR028C/YNR012W/YKL216W/YNL220W/YLR420W/YDR408C/YNL141W/YBL068W/YDL166C/YJR057W/YHR216W/YDR441C/YER170W/YHL011C/YDR226W/YBR242W/YJL130C",32
"GO:0006637","acyl-CoA metabolic process","18/2722","25/6447",0.72,1.70530492285085,3.02021486890721,0.00247470042720075,0.0389077900498785,0.0331407250192381,"YGR244C/YMR246W/YNR043W/YIL009W/YOR317W/YBR221C/YNR016C/YGL126W/YLR153C/YMR208W/YGL059W/YML126C/YOR142W/YIL042C/YDR148C/YJR019C/YOR311C/YNR001C",18
"GO:0035383","thioester metabolic process","18/2722","25/6447",0.72,1.70530492285085,3.02021486890721,0.00247470042720075,0.0389077900498785,0.0331407250192381,"YGR244C/YMR246W/YNR043W/YIL009W/YOR317W/YBR221C/YNR016C/YGL126W/YLR153C/YMR208W/YGL059W/YML126C/YOR142W/YIL042C/YDR148C/YJR019C/YOR311C/YNR001C",18
"GO:0009113","purine nucleobase biosynthetic process","9/2722","10/6447",0.9,2.13163115356356,3.06118243645806,0.00262637992614522,0.039817795666023,0.033915846038755,"YGR204W/YML022W/YKR080W/YGL234W/YML035C/YOR184W/YDR408C/YNL141W/YDR441C",9
"GO:0015939","pantothenate metabolic process","9/2722","10/6447",0.9,2.13163115356356,3.06118243645806,0.00262637992614522,0.039817795666023,0.033915846038755,"YMR169C/YPR069C/YBR176W/YHR063C/YOL052C/YKL184W/YLR146C/YMR020W/YMR170C",9
"GO:0015940","pantothenate biosynthetic process","9/2722","10/6447",0.9,2.13163115356356,3.06118243645806,0.00262637992614522,0.039817795666023,0.033915846038755,"YMR169C/YPR069C/YBR176W/YHR063C/YOL052C/YKL184W/YLR146C/YMR020W/YMR170C",9
"GO:0018202","peptidyl-histidine modification","9/2722","10/6447",0.9,2.13163115356356,3.06118243645806,0.00262637992614522,0.039817795666023,0.033915846038755,"YIL103W/YLR172C/YBR246W/YKL191W/YIL110W/YAL020C/YIL043C/YLR143W/YJR097W",9
"GO:0009259","ribonucleotide metabolic process","54/2722","95/6447",0.568421052631579,1.3462933601454,2.90654328421067,0.0026952183759135,0.0404998301088595,0.0344967866651621,"YCR012W/YJL052W/YAL038W/YHR174W/YAR015W/YGL253W/YDR399W/YMR120C/YGR254W/YKL060C/YLR359W/YML081C-A/YJR105W/YOR393W/YFR053C/YOR020W-A/YMR271C/YKL152C/YOL136C/YML022W/YNL216W/YOL077W-A/YGR061C/Q0085/YPL271W/YDL004W/YJR133W/YGL234W/YNL199C/YML035C/YLR345W/YOR128C/YLR028C/YNR012W/YKL216W/YBL039C/YOL056W/YNL220W/YLR420W/YDR408C/YLR446W/YBR127C/YHR216W/YOR163W/YDR441C/YJL116C/YOR344C/Q0130/YER170W/YDR226W/YPL075W/YJL130C/YJL005W/YMR323W",54
"GO:0010557","positive regulation of macromolecule biosynthetic process","201/2722","411/6447",0.489051094890511,1.15830727728109,2.83513176199106,0.00278998760964179,0.0413835973865417,0.0352495584955107,"YCR106W/YFL052W/YJR047C/YJR094C/YMR280C/YIL119C/YPL240C/YGL222C/YKL043W/YDR463W/YIL036W/YJL089W/YDR253C/YMR021C/YGL036W/YDL070W/YOR133W/YGR186W/YIL101C/YBR112C/YNL103W/YGL173C/YDR432W/YAL034C/YGL209W/YLR176C/YOR290C/YLL013C/YKL054C/YPL048W/YLR399C/YOR298C-A/YLR131C/YGR270W/YPL202C/YBR182C/YER035W/YOL027C/YNL169C/YFR037C/YDR123C/YGR285C/YDL165W/YER169W/YER159C/YDR173C/YPL126W/YOL028C/YPR008W/YLR266C/YLL010C/YJR042W/YLR014C/YDR091C/YIR033W/YGL254W/YHL020C/YGL130W/YNL216W/YBR083W/YKL057C/YDR073W/YLR019W/YBR240C/YDR282C/YIL033C/YHR006W/YAL021C/YHR178W/YIR023W/YJR119C/YKL160W/YNL021W/YDR197W/YJL109C/YOR338W/YOL051W/YAL019W/YNL157W/YPL042C/YKR026C/YNL199C/YJL110C/YER184C/YKR084C/YDR096W/YMR093W/YGR128C/YHR056C/YNL118C/YBR120C/YGL048C/YHL025W/YGL123W/YGL025C/YLR053C/YKL185W/YBR271W/YMR182C/YDR324C/YOR276W/YDL080C/YDR421W/YLR098C/YHR086W/YDL116W/YJL087C/YDL056W/YLL054C/YBR097W/YGL035C/YDL005C/YBR034C/YPR070W/YPL116W/YGR262C/YDR146C/YDR259C/YMR070W/YFR038W/YHR058C/YIL110W/YDR303C/YCR081W/YGL013C/YER040W/YLR223C/YLR212C/YJR017C/YKL112W/YML076C/YMR037C/YMR039C/YOR244W/YMR016C/YGR134W/YOR372C/YMR228W/YNL139C/YBR185C/YDR216W/YGL166W/YPL089C/YNR045W/YOR123C/YPL254W/YNL025C/YPL181W/YDR394W/YNL153C/YJR104C/YBL021C/YOR344C/YKR064W/YDR023W/YBL032W/YJL140W/YOR304W/YGL112C/YGL073W/YIL126W/YKL109W/YDR169C/YKR082W/YKL208W/YPL133C/YML007W/YDR398W/YGL207W/YHR124W/YLR427W/YDR423C/YOR230W/YMR153W/YNL255C/YNL001W/YLR455W/YDR176W/YPR072W/YKL015W/YFL021W/YPL075W/YNL167C/YPR161C/YBL103C/YKR099W/YML010W/YIL084C/YBR279W/YER068W/YGR072W/YPL248C/YDR009W/YMR257C/YJL056C/YIL122W/YMR028W/YDR198C/YHR196W/YHL009C/YMR043W",201
"GO:0009628","response to abiotic stimulus","98/2722","187/6447",0.524064171122995,1.24123501514693,2.86154154020202,0.0028027760303017,0.0413835973865417,0.0352495584955107,"YCR102C/YLL026W/YKL032C/YPL240C/YPL230W/YOR178C/YKL129C/YDR258C/YDL022W/YBR126C/YPL004C/YMR175W/YFL014W/YOL052C-A/YIL101C/YDR171W/YDR001C/YNL007C/YMR186W/YNL271C/YHR104W/YER028C/YAL005C/YBR182C/YER150W/YGR066C/YJL144W/YDR420W/YHR114W/YER159C/YER062C/YPR008W/YLL010C/YMR125W/YFL016C/YGR008C/YIR033W/YDR043C/YKL057C/YOR008C/YLR019W/YCR032W/YOR208W/YOL051W/YNL157W/YKR026C/YAL053W/YAL028W/YER151C/YER107C/YOR093C/YGL025C/YPL059W/YDL116W/YLR335W/YNL079C/YIL147C/YLR336C/YMR070W/YER118C/YJR136C/YDL073W/YPL180W/YML076C/YMR037C/YMR039C/YKR072C/YNL091W/YPL089C/YDR192C/YOR007C/YNL025C/YOR386W/YML103C/YCR009C/YPL189W/YAR002W/YGL073W/YLR357W/YKR082W/YDR419W/YML007W/YOR047C/YNR031C/YLR362W/YDR040C/YLR248W/YBR025C/YBR109C/YBR260C/YOR270C/YNL167C/YIL084C/YOR297C/YHR151C/YNL064C/YHL007C/YDL100C",98
"GO:0000054","ribosomal subunit export from nucleus","41/2722","69/6447",0.594202898550725,1.40735712232054,2.90792816855828,0.00283599685650298,0.0415131263995005,0.0353598882108447,"YOR185C/YGL135W/YLR048W/YDL229W/YML026C/YNL209W/YGR285C/YGR214W/YIL148W/YJR042W/YDR091C/YKL057C/YPL220W/YMR047C/YJL041W/YPL169C/YDR101C/YPL093W/YIL115C/YMR235C/YNL302C/YGL123W/YNR053C/YLR264W/YLR074C/YFR002W/YJR123W/YLR293C/YNL178W/YIR026C/YPR016C/YGL097W/YAL059W/YDR361C/YJL010C/YGR081C/YOL040C/YER036C/YOL121C/YDR450W/YNL227C",41
"GO:0006415","translational termination","19/2722","27/6447",0.703703703703704,1.66670748632541,2.96739781307947,0.00286948352540125,0.0416442993686438,0.0354716182087388,"YJR047C/YDR432W/YAL003W/YPL048W/YDL229W/YER049W/YPL226W/YDR091C/YLR075W/YBR143C/YLR249W/YMR080C/YOL114C/YBR271W/YML068W/YNL016W/YER176W/YHR038W/YDR429C",19
"GO:0110154","RNA decapping","15/2722","20/6447",0.75,1.7763592946363,2.97234815220833,0.00302942047323573,0.043592847148765,0.0371313446050481,"YLR270W/YKL204W/YGL222C/YOR173W/YGL173C/YER035W/YDL165W/YGL246C/YDR370C/YNL118C/YGL067W/YPR072W/YOR048C/YER068W/YCR077C",15
"GO:0016126","sterol biosynthetic process","27/2722","42/6447",0.642857142857143,1.52259368111683,2.90439248815074,0.00315855726578284,0.0450691616579769,0.0383888339954499,"YGR060W/YLR056W/YNR043W/YMR015C/YHR007C/YMR202W/YNL111C/YHR072W/YLR100W/YPL028W/YMR208W/YGL001C/YML126C/YNL280C/YJL167W/YML075C/YGR175C/YER044C/YMR070W/YMR134W/YML008C/YKL150W/YHR042W/YLR189C/YML087C/YLR450W/YHR133C",27
"GO:0009308","amine metabolic process","20/2722","29/6447",0.689655172413793,1.63343383414832,2.92231126401081,0.00324340161685067,0.045894132878437,0.0390915247504633,"YMR169C/YPR069C/YHR068W/YDR380W/YLR134W/YDR421W/YOL052C/YPL103C/YKL184W/YER090W/YLR146C/YDR354W/YMR020W/YBL098W/YMR170C/YJL055W/YKL015W/YJR025C/YDR428C/YMR043W",20
"GO:0072595","maintenance of protein localization in organelle","12/2722","15/6447",0.8,1.89478324761205,2.96562701133241,0.00331172119895899,0.0464735751721682,0.0395850798379265,"YAR002C-A/YDR414C/YAL007C/YOR208W/YJL110C/YFL025C/YKL193C/YDL018C/YGL200C/YOR230W/YOR016C/YBL040C",12
